# triangulation 0/314 15590.74
# triangulation 256/314 15590.86
# upper F=1 15591.12
# upper elements 0/557 15591.14
# upper elements 256/557 15592.77
# upper elements 512/557 15594.45
# upper edges 0/872 15594.78
# upper edges 512/872 15596.64
# compile arrays 15597.97
# ordering 6889 15600.05
# ordering 0/6889 15602.03
# ordering complete 15609.97
# symbolic factorization 15610.17
# symbolic complete 260434 15610.25
 0 , 0 , 38.3410116754376 , 12877.3351562758 , 260434 
 1 , 165.164596270279 , 21.6698402540957 , 8230.74685162207 , 260434 
 2 , 221.754333438513 , 16.3653302207288 , 7123.76417006076 , 260434 
 3 , 249.991525547722 , 7.87896219610758 , 4151.80742718943 , 260434 
 4 , 239.07716847944 , 5.54541125863132 , 3237.9069833509 , 260434 
 5 , 250.671918978703 , 3.92201331131647 , 2611.92751732708 , 260434 
 6 , 285.76825705691 , 2.8243296591297 , 2106.37011073549 , 260434 
 7 , 352.570268500835 , 1.99233454259663 , 1673.40685376983 , 260434 
 8 , 432.567333231656 , 1.26876432298544 , 1265.44547148455 , 260434 
 9 , 369.76317421814 , 0.465397754272714 , 637.51769289314 , 260434 
 10 , 46.6406847547548 , 2.84485797127112E-02 , 57.0147942835505 , 260434 
 11 , 9.34121914538155 , 4.46228887921957E-03 , 9.12661403440994 , 260434 
 12 , 5.51193975685454 , 7.76218632876247E-04 , 3.69385602404829 , 260434 
 13 , 3.67017831383051 , 2.03825805264846E-04 , 1.5699259953014 , 260434 
 14 , 2.91717189682113 , 4.15219279692458E-05 , 0.720426793178244 , 260434 
 15 , 2.56925921941505 , 1.2538936554285E-05 , 0.346768544204283 , 260434 
 16 , 2.40186907910398 , 3.19563691175695E-06 , 0.16764007467622 , 260434 
 17 , 2.34419306058218 , 8.59416631637023E-07 , 0.10605705444341 , 260434 
 18 , 2.28208266266032 , 3.79780386319951E-07 , 4.00658930079181E-02 , 260434 
 19 , 2.26425476341075 , 2.39887690314137E-07 , 2.09553014955824E-02 , 260434 
 20 , 2.25235780959134 , 1.80778307970202E-07 , 8.15286521327789E-03 , 260434 
 21 , 2.24912104848253 , 1.33909407984062E-07 , 4.64920717089173E-03 , 260434 
 22 , 2.24721083231417 , 9.64689558821377E-08 , 2.57440847219757E-03 , 260434 
 23 , 2.24649432809994 , 6.61052552185269E-08 , 1.79813006603692E-03 , 260434 
 24 , 2.24580653746955 , 5.2068749780199E-08 , 1.04572955331191E-03 , 260434 
 25 , 2.24527631062573 , 3.85112112362082E-08 , 4.63662349079135E-04 , 260434 
 26 , 2.24505543170262 , 2.40897329950695E-08 , 2.20706455840909E-04 , 260434 
 27 , 2.24494137516562 , 2.47266346598201E-08 , 9.40321928019559E-05 , 260434 
 28 , 2.24490189720559 , 3.10851576545251E-08 , 5.02366786884167E-05 , 260434 
 29 , 2.24488411734161 , 3.70599043173627E-08 , 3.0390639571873E-05 , 260434 
 30 , 2.24487143416273 , 4.0379669424928E-08 , 1.62317749931999E-05 , 260434 
 31 , 2.24486430484699 , 3.94902356192018E-08 , 8.31815872794185E-06 , 260434 
 32 , 2.2448607258051 , 2.97831666158247E-08 , 4.37850454063544E-06 , 260434 
 33 , 2.24485908479709 , 1.86953685934116E-08 , 2.59323137035688E-06 , 260434 
 34 , 2.24485788385267 , 1.34143737113982E-08 , 1.32286899639944E-06 , 260434 
 35 , 2.244857296076 , 9.16899055260502E-09 , 7.03174144068193E-07 , 260434 
# upper F=2 15624.7
 0 , 0 , 75.0222491040455 , 12877.3351562758 , 260434 
 1 , 278.560834596232 , 42.9987293644075 , 8088.70967878819 , 260434 
 2 , 506.765469731861 , 20.1105484909845 , 4346.9031611557 , 260434 
 3 , 639.105642210744 , 9.93750308037909 , 2475.08873588419 , 260434 
 4 , 715.197658735079 , 7.37795777910091 , 2090.43645306161 , 260434 
 5 , 658.584428849976 , 3.73708120406842 , 1284.05207182331 , 260434 
 6 , 547.149542404035 , 2.11420185018957 , 858.029840524875 , 260434 
 7 , 316.903994691364 , 0.629964784227782 , 384.294294435648 , 260434 
 8 , 202.619062906247 , 0.314187824742785 , 229.605404601914 , 260434 
 9 , 134.059003958645 , 9.74754951689903E-02 , 140.983774040011 , 260434 
 10 , 6.36483205997045 , 1.94258707766082E-03 , 6.09106753298595 , 260434 
 11 , 0.992380024440425 , 1.94856350108713E-04 , 0.615934563293883 , 260434 
 12 , 0.726062005870019 , 8.33140728476039E-05 , 0.323058531042258 , 260434 
 13 , 0.61849220919748 , 2.80014557146185E-05 , 0.206455824683536 , 260434 
 14 , 0.524862171991926 , 8.70961785530422E-06 , 0.107691621531726 , 260434 
 15 , 0.462738373874011 , 1.08157684371168E-06 , 0.042154984084059 , 260434 
 16 , 0.442388478608974 , 4.45536332882579E-07 , 2.06054456121884E-02 , 260434 
 17 , 0.431119621690962 , 1.12895924678225E-07 , 8.58022182244789E-03 , 260434 
 18 , 0.426870415420112 , 2.77178658592538E-08 , 3.99433074846558E-03 , 260434 
 19 , 0.42472162604616 , 2.21519538231405E-08 , 1.64650710218128E-03 , 260434 
 20 , 0.423907717459725 , 1.91278364993108E-08 , 7.4471093230391E-04 , 260434 
 21 , 0.423497489496873 , 1.81254859996166E-08 , 2.84174075471286E-04 , 260434 
 22 , 0.423418797529014 , 1.58152113175026E-08 , 1.9497007500131E-04 , 260434 
 23 , 0.423306146576585 , 1.60975833422649E-08 , 6.62222497718611E-05 , 260434 
 24 , 0.423278142138317 , 1.22546686376124E-08 , 3.38824759055743E-05 , 260434 
 25 , 0.423257643506883 , 9.77081120123651E-09 , 9.94639685464977E-06 , 260434 
 26 , 0.423254149597481 , 7.07720700501564E-09 , 5.817995149321E-06 , 260434 
 27 , 0.423251416970821 , 4.30563557538894E-09 , 2.58993387482736E-06 , 260434 
 28 , 0.423250363395828 , 3.72287296019558E-09 , 1.32804766552685E-06 , 260434 
 29 , 0.423249844734881 , 2.98139172425483E-09 , 7.07514174926186E-07 , 260434 
# upper F=1.39926737126023 15636.78
 0 , 0 , 52.6829931109756 , 12877.3351562758 , 260434 
 1 , 235.372874437988 , 27.3853244812472 , 7571.81813921922 , 260434 
 2 , 347.282023684317 , 18.2129276258811 , 6032.16065824639 , 260434 
 3 , 376.537301518871 , 10.3520721496687 , 3836.86047560378 , 260434 
 4 , 439.064784874921 , 8.64464260274082 , 3511.06891404611 , 260434 
 5 , 543.291973609603 , 6.63201554589513 , 2998.33460736775 , 260434 
 6 , 713.808822801772 , 3.99241746216361 , 2230.21430743205 , 260434 
 7 , 819.800852847579 , 2.66632853519928 , 1834.70327090256 , 260434 
 8 , 673.061600998441 , 1.3766082307344 , 1117.30667306709 , 260434 
 9 , 618.742576403567 , 1.00949828936476 , 925.062123610983 , 260434 
 10 , 488.921007183722 , 0.690341349008402 , 672.363984679858 , 260434 
 11 , 333.242390951905 , 0.240029239107886 , 385.040791591057 , 260434 
 12 , 24.4983553097873 , 2.40063590612255E-03 , 23.9926815546724 , 260434 
 13 , 2.61635653505365 , 1.80575124944404E-04 , 1.81119941058479 , 260434 
 14 , 1.58166756605506 , 5.18543761472423E-05 , 0.735399482162241 , 260434 
 15 , 1.27044888193685 , 1.76973776042089E-05 , 0.406795803726221 , 260434 
 16 , 1.11682035906634 , 5.9138866432551E-06 , 0.24541898289804 , 260434 
 17 , 0.960348142623388 , 1.18844382815397E-06 , 8.22395924085904E-02 , 260434 
 18 , 0.930911183951523 , 3.42192639585237E-07 , 5.09464972908518E-02 , 260434 
 19 , 0.906719268350463 , 1.48913813237396E-07 , 0.025346869840071 , 260434 
 20 , 0.892817505169626 , 7.01174158260176E-08 , 1.04816765129208E-02 , 260434 
 21 , 0.8877588384118 , 5.64198296350959E-08 , 5.01546259353779E-03 , 260434 
 22 , 0.885068803910983 , 5.89789146383168E-08 , 2.07891593632172E-03 , 260434 
 23 , 0.883938620275207 , 5.14227647108799E-08 , 8.35069707061105E-04 , 260434 
 24 , 0.883582773751693 , 4.0947848996186E-08 , 4.39547866045472E-04 , 260434 
 25 , 0.883404571012846 , 3.17807482890864E-08 , 2.40510705658002E-04 , 260434 
 26 , 0.883285776301668 , 2.38017930422058E-08 , 1.06528351670993E-04 , 260434 
 27 , 0.883224254434453 , 2.00066139096283E-08 , 3.68141996713708E-05 , 260434 
 28 , 0.8832065940534 , 1.47623652503785E-08 , 1.65708604276039E-05 , 260434 
 29 , 0.883201287552665 , 9.60578805754971E-09 , 1.05285736124729E-05 , 260434 
 30 , 0.883196808103527 , 7.54923558139958E-09 , 5.3693221855828E-06 , 260434 
 31 , 0.883194555814562 , 5.52370540317711E-09 , 2.78379808527691E-06 , 260434 
 32 , 0.883193421877442 , 4.34426356980764E-09 , 1.48090751230342E-06 , 260434 
 33 , 0.883192810288563 , 3.50015665341037E-09 , 7.79280275440948E-07 , 260434 
# upper F=1.3380545794772 15650.55
 0 , 0 , 50.4464124252931 , 12877.3351562758 , 260434 
 1 , 223.579874899739 , 26.6117674179219 , 7681.33507390659 , 260434 
 2 , 321.085198190227 , 18.4608554063301 , 6302.8361349516 , 260434 
 3 , 348.968540639764 , 10.2125945554368 , 3955.69111369383 , 260434 
 4 , 395.553212376435 , 8.30954062264493 , 3521.48406129098 , 260434 
 5 , 482.97236348307 , 6.69178108286648 , 3137.76828144244 , 260434 
 6 , 619.129172458074 , 4.68932478854679 , 2542.35437439859 , 260434 
 7 , 711.490406827236 , 3.36862613702715 , 2087.05766159617 , 260434 
 8 , 640.217250390469 , 1.55028608074669 , 1183.97042016309 , 260434 
 9 , 616.844101898759 , 1.14818895191654 , 1003.08746541406 , 260434 
 10 , 473.692325853343 , 0.723584350040732 , 683.432478586426 , 260434 
 11 , 336.929608940698 , 0.306346336755491 , 411.326306311451 , 260434 
 12 , 33.9032258248992 , 6.64429121694946E-03 , 34.0368744009463 , 260434 
 13 , 3.19648082662103 , 4.57056206130818E-04 , 2.3448896413596 , 260434 
 14 , 1.76807672723409 , 1.1091988539505E-04 , 0.836954419826701 , 260434 
 15 , 1.46704737820572 , 4.39549154558072E-05 , 0.512085369998237 , 260434 
 16 , 1.29550771926552 , 1.45930113173987E-05 , 0.328553176451648 , 260434 
 17 , 1.09965041290294 , 7.23998589108321E-07 , 0.123504197629264 , 260434 
 18 , 1.04533193071962 , 3.7655185043451E-07 , 6.63506142121464E-02 , 260434 
 19 , 1.01340148964311 , 2.02743848875147E-07 , 3.26824513860085E-02 , 260434 
 20 , 0.996020773659315 , 9.86601567052495E-08 , 1.41528181695965E-02 , 260434 
 21 , 0.9894974188326 , 7.16892146491904E-08 , 7.13154738782003E-03 , 260434 
 22 , 0.985663110971125 , 7.09777075403703E-08 , 2.97758462491563E-03 , 260434 
 23 , 0.984241218609024 , 6.41339430250041E-08 , 1.4213662032219E-03 , 260434 
 24 , 0.983417331835783 , 5.12337667739773E-08 , 5.11708095025859E-04 , 260434 
 25 , 0.983192836536584 , 3.70814340544744E-08 , 2.6130921411834E-04 , 260434 
 26 , 0.983080097421329 , 2.22149155064523E-08 , 1.35559608383167E-04 , 260434 
 27 , 0.983003154901481 , 2.04809089162048E-08 , 4.83809075386099E-05 , 260434 
 28 , 0.982978613404149 , 1.77790249230724E-08 , 2.03780914199967E-05 , 260434 
 29 , 0.982973445069672 , 1.22754375050829E-08 , 1.44839982845401E-05 , 260434 
 30 , 0.982967191416476 , 5.70844222269299E-09 , 7.38936622670877E-06 , 260434 
 31 , 0.982964078257436 , 4.73378432851233E-09 , 3.7883193489621E-06 , 260434 
 32 , 0.982962536363097 , 3.61229656156375E-09 , 2.01330047282575E-06 , 260434 
 33 , 0.982961721029243 , 2.95774648628185E-09 , 1.07556912469867E-06 , 260434 
 34 , 0.98296127318815 , 2.50742975510343E-09 , 5.61376872783557E-07 , 260434 
# upper F=1.32997062365151 15664.79
 0 , 0 , 50.1518406946581 , 12877.3351562758 , 260434 
 1 , 222.04661375876 , 26.5069847900427 , 7695.7081064247 , 260434 
 2 , 317.888122952428 , 18.4745673476919 , 6335.07889204107 , 260434 
 3 , 345.73384497019 , 10.1742403664757 , 3966.05739683244 , 260434 
 4 , 389.92890792353 , 8.27697994902013 , 3525.42363300257 , 260434 
 5 , 474.728655434004 , 6.68384717311716 , 3147.80345210047 , 260434 
 6 , 605.473313403503 , 4.75971381451243 , 2574.84600944797 , 260434 
 7 , 700.712597610404 , 3.40438407315766 , 2104.19253137648 , 260434 
 8 , 637.077491545706 , 1.59447966497005 , 1204.28223538627 , 260434 
 9 , 610.827944900974 , 1.14396209917112 , 998.878177148951 , 260434 
 10 , 468.067961235379 , 0.712964607606014 , 676.336487579935 , 260434 
 11 , 319.259024637435 , 0.289116402589068 , 388.990795506226 , 260434 
 12 , 26.7921139364998 , 2.8914327758803E-03 , 26.3147229295568 , 260434 
 13 , 3.12720542860565 , 2.43725617116136E-04 , 2.22865990591673 , 260434 
 14 , 1.86162659878561 , 6.80470169869274E-05 , 0.909980165474763 , 260434 
 15 , 1.49906282062271 , 2.42213796501911E-05 , 0.526298967057048 , 260434 
 16 , 1.29925071396212 , 6.72112498387167E-06 , 0.315847388401374 , 260434 
 17 , 1.10466450037567 , 5.99819435689395E-07 , 0.113443999955443 , 260434 
 18 , 1.05304255731582 , 3.36066225172925E-07 , 5.90372907526488E-02 , 260434 
 19 , 1.02628245843605 , 1.88761358235896E-07 , 3.08223743638088E-02 , 260434 
 20 , 1.00903276348108 , 8.83469291706758E-08 , 1.23808872111172E-02 , 260434 
 21 , 1.00350681700978 , 7.15016972525915E-08 , 6.42976369404321E-03 , 260434 
 22 , 1.00038923944732 , 5.82921269225844E-08 , 3.0493783532706E-03 , 260434 
 23 , 0.998729350241664 , 5.31828698021901E-08 , 1.22961434302696E-03 , 260434 
 24 , 0.998120811325326 , 4.6236484733718E-08 , 5.54933118750165E-04 , 260434 
 25 , 0.997844736736484 , 3.8136547932468E-08 , 2.46939881564306E-04 , 260434 
 26 , 0.997767427306716 , 2.65887924462839E-08 , 1.60679287342566E-04 , 260434 
 27 , 0.997709385003941 , 1.85875809474235E-08 , 9.566305887418E-05 , 260434 
 28 , 0.997662270245206 , 1.74685219846761E-08 , 4.22649002118824E-05 , 260434 
 29 , 0.997640496422316 , 1.49810865190899E-08 , 1.74781517316947E-05 , 260434 
 30 , 0.997636789824905 , 1.12450736099214E-08 , 1.32485277916088E-05 , 260434 
 31 , 0.99762960955787 , 5.71447938466228E-09 , 5.07327268308807E-06 , 260434 
 32 , 0.99762750473388 , 4.35527761051343E-09 , 2.65420001519582E-06 , 260434 
 33 , 0.997626426844955 , 3.37595072050699E-09 , 1.41953256335698E-06 , 260434 
 34 , 0.997625827870819 , 2.69753490515401E-09 , 7.36337119833406E-07 , 260434 
# upper F=1.3253106824042 15678.98
 0 , 0 , 49.9821256568566 , 12877.3351562758 , 260434 
 1 , 221.165418420736 , 26.4463025254888 , 7703.98165085445 , 260434 
 2 , 316.070356396087 , 18.4806344851662 , 6353.32869528003 , 260434 
 3 , 343.906113010192 , 10.1503495242625 , 3971.53108661164 , 260434 
 4 , 386.795575725784 , 8.25590593947178 , 3527.11494824823 , 260434 
 5 , 470.100094348385 , 6.67656273787285 , 3152.70313375431 , 260434 
 6 , 598.114690210114 , 4.79016415940361 , 2590.20602929236 , 260434 
 7 , 695.383029166543 , 3.42194157373291 , 2114.68726847079 , 260434 
 8 , 634.76190749118 , 1.61891300386974 , 1215.19006707859 , 260434 
 9 , 606.617468798777 , 1.13593556378847 , 993.48388836105 , 260434 
 10 , 462.929170640897 , 0.697575958273801 , 667.122595878021 , 260434 
 11 , 301.846886589766 , 0.270003701400194 , 366.106676871166 , 260434 
 12 , 23.2545569963705 , 2.70028890641769E-03 , 22.7430650581018 , 260434 
 13 , 3.06243146605547 , 2.54472737057643E-04 , 2.1571729749765 , 260434 
 14 , 1.9078634118288 , 7.75970506460832E-05 , 0.949629639449953 , 260434 
 15 , 1.51895592606019 , 2.60268671191111E-05 , 0.537937184683871 , 260434 
 16 , 1.30185268124511 , 6.49698160717915E-06 , 0.309557019109605 , 260434 
 17 , 1.10965933966884 , 5.79935105776961E-07 , 0.109670401778119 , 260434 
 18 , 1.06037110530664 , 3.31229449448126E-07 , 5.76750670566155E-02 , 260434 
 19 , 1.03286093367924 , 1.76736566819505E-07 , 0.028640915364783 , 260434 
 20 , 1.01656306340204 , 8.48873437781841E-08 , 1.11999972761973E-02 , 260434 
 21 , 1.0121815082837 , 7.41099305573353E-08 , 6.47697707427312E-03 , 260434 
 22 , 1.00887259937756 , 5.99785421676121E-08 , 2.88886681159717E-03 , 260434 
 23 , 1.00737079489976 , 5.43754204305039E-08 , 1.24124850503854E-03 , 260434 
 24 , 1.00705740388692 , 4.49295050473324E-08 , 8.94664484995216E-04 , 260434 
 25 , 1.00656369644486 , 4.06925007321466E-08 , 3.46261981503759E-04 , 260434 
 26 , 1.0063875788199 , 2.84157988123203E-08 , 1.49781693418718E-04 , 260434 
 27 , 1.00631044093057 , 1.89730610568336E-08 , 6.30431859188205E-05 , 260434 
 28 , 1.00627450136622 , 1.99547289172296E-08 , 2.21785685536337E-05 , 260434 
 29 , 1.00627225063507 , 1.52139843384631E-08 , 1.96165382701078E-05 , 260434 
 30 , 1.00626160545348 , 1.07051638285056E-08 , 7.4595910788126E-06 , 260434 
 31 , 1.00625861497219 , 6.05123148364931E-09 , 4.05474403015787E-06 , 260434 
 32 , 1.00625692432658 , 4.12660744540873E-09 , 2.12875775301832E-06 , 260434 
 33 , 1.0062560472778 , 3.09164568027744E-09 , 1.12896986926395E-06 , 260434 
 34 , 1.00625556628405 , 2.50324134498043E-09 , 5.8068998184435E-07 , 260434 
# lower F=1.30337121117848 15693.29
# compile arrays 15698.71
# ordering 18397 15703.96
# ordering 0/18397 15709.07
# ordering 8192/18397 15716.41
# ordering 16384/18397 15723.99
# ordering complete 15725.99
# symbolic factorization 15726.23
# symbolic complete 392794 15726.34
 0 , 0 , 1 , 3342 , 392794 
# Schur factor 15726.45
# Schur mapping 6656 15726.72
# Schur mapping 8192 15727
# Schur mapping 9728 15727.27
# Schur mapping 11776 15727.49
# ordering 0/8371 15727.74
# ordering 8192/8371 15729.61
# Schur mapping 0 15729.85
 1 , 2.99147711397991E-02 , 6.49820009775821E-02 , 766.692645446143 , 392794 
# Schur factor 15731.1
 2 , 3.24704654302464E-02 , 1.39608288753517E-03 , 16.8808277269084 , 392794 
# Schur factor 15732.5
 3 , 2.41551666808556E-02 , 1.48141200483368E-04 , 1.71582867370262 , 392794 
# Schur factor 15733.07
 4 ,-0.118857149028059 , 7.74910698951571E-05 , 0.970481032912529 , 392794 
# Schur factor 15733.61
 5 ,-0.648101651975504 , 3.62632275018727E-05 , 0.521789798433904 , 392794 
# Schur factor 15734.18
 6 ,-0.734513317202147 , 3.01770177654147E-05 , 0.549967464709236 , 392794 
# Schur factor 15734.75
 7 ,-0.825530194424622 , 1.36835667215109E-05 , 0.439462828069722 , 392794 
# Schur factor 15735.3
 8 ,-0.870496580265962 , 4.10523249505835E-06 , 0.190038684835892 , 392794 
# Schur factor 15735.87
 9 ,-0.879254858634909 , 1.63476961433103E-06 , 9.47620690584335E-02 , 392794 
# Schur factor 15736.43
 10 ,-0.882889577788774 , 8.12566335568416E-07 , 4.51049008462295E-02 , 392794 
# Schur factor 15736.99
 11 ,-0.884683612920259 , 4.07171709004089E-07 , 2.08718874553617E-02 , 392794 
# Schur factor 15737.53
 12 ,-0.885508190592043 , 2.7974072298129E-07 , 9.82155013566606E-03 , 392794 
# Schur factor 15738.1
 13 ,-0.88584369801069 , 2.7498288759339E-07 , 3.42610488216373E-03 , 392794 
# Schur factor 15738.66
 14 ,-0.885957571083625 , 1.14667608507076E-07 , 1.23009201647638E-03 , 392794 
# Schur factor 15739.22
 15 ,-0.885995074029876 , 8.26072506001685E-08 , 4.71507725438531E-04 , 392794 
# Schur factor 15739.8
 16 ,-0.886005740662773 , 6.26913332064813E-08 , 2.48984565440583E-04 , 392794 
# Schur factor 15740.33
 17 ,-0.886012719311689 , 4.95782153905326E-08 , 1.00813521216178E-04 , 392794 
# Schur factor 15740.91
 18 ,-0.886015625242887 , 3.21318220765013E-08 , 3.35596199186548E-05 , 392794 
# Schur factor 15741.43
 19 ,-0.886016191742461 , 2.51847546404652E-08 , 2.21148929014094E-05 , 392794 
# Schur factor 15742.01
 20 ,-0.886016677702232 , 2.3288407747108E-08 , 1.12796086390813E-05 , 392794 
# Schur factor 15742.59
 21 ,-0.88601712127652 , 2.21667609772729E-08 , 1.55597086324853E-06 , 392794 
# Schur factor 15743.13
 22 ,-0.886017161026035 , 1.74729102465754E-08 , 8.12208046939426E-07 , 392794 
# lower cache store 0 15743.79
# lower cache store 256 15743.82
# lower cache store 512 15743.84
# lower cache store 768 15743.87
# lower cache store 1024 15743.89
# lower cache store 1280 15743.91
# lower cache store 1536 15743.94
# lower cache store 1792 15743.96
# lower cache store 2048 15743.99
# lower cache store 2304 15744.01
# lower cache store 2560 15744.04
# lower cache store 2816 15744.06
# lower cache store 3072 15744.08
# lower cache store 3328 15744.11
# lower F=1.32997062365151 15744.21
 0 , 0 , 1 , 3342 , 392794 
# Schur factor 15744.31
 1 , 2.88668605570993E-02 , 5.96564890665352E-02 , 693.047941162162 , 392794 
# Schur factor 15745.48
 2 , 3.10242288180456E-02 , 1.29605547758498E-03 , 15.3443002549305 , 392794 
# Schur factor 15746.05
 3 , 2.20848433521423E-02 , 1.43361121097739E-04 , 1.62452758231823 , 392794 
# Schur factor 15746.63
 4 ,-0.125854644955684 , 7.49508677334496E-05 , 0.921090084454764 , 392794 
# Schur factor 15747.18
 5 ,-0.616032321742974 , 3.91604291154515E-05 , 0.571982767053252 , 392794 
# Schur factor 15747.74
 6 ,-0.717283884337354 , 3.17136178994E-05 , 0.597049121028014 , 392794 
# Schur factor 15748.29
 7 ,-0.793746879972157 , 1.41705024388879E-05 , 0.480303064251179 , 392794 
# Schur factor 15748.83
 8 ,-0.832528008462639 , 4.0026265829282E-06 , 0.206820403696044 , 392794 
# Schur factor 15749.35
 9 ,-0.84042694279179 , 1.47878334319024E-06 , 9.26310464512891E-02 , 392794 
# Schur factor 15749.9
 10 ,-0.843971668405382 , 6.61787954498054E-07 , 3.85791300954987E-02 , 392794 
# Schur factor 15750.45
 11 ,-0.844617202120127 , 6.06394743620747E-07 , 3.03515080901336E-02 , 392794 
# Schur factor 15751
 12 ,-0.845846470426966 , 3.06569225665358E-07 , 9.09204696085301E-03 , 392794 
# Schur factor 15751.57
 13 ,-0.846106407458492 , 2.16229423141141E-07 , 4.2259408019727E-03 , 392794 
# Schur factor 15752.09
 14 ,-0.846247498883899 , 1.70851670642179E-07 , 1.58703936632695E-03 , 392794 
# Schur factor 15752.66
 15 ,-0.846303385694935 , 1.60283574765283E-07 , 5.23727425442994E-04 , 392794 
# Schur factor 15753.19
 16 ,-0.846318839265061 , 1.53664925470424E-07 , 2.28384868399545E-04 , 392794 
# Schur factor 15753.75
 17 ,-0.846320444479431 , 1.16105030200571E-07 , 1.94799784116348E-04 , 392794 
# Schur factor 15754.33
 18 ,-0.846326908531469 , 4.04512924713055E-08 , 5.58930352837058E-05 , 392794 
# Schur factor 15754.87
 19 ,-0.846328123205342 , 2.68617950800093E-08 , 2.85614275227792E-05 , 392794 
# Schur factor 15755.42
 20 ,-0.846328775602809 , 2.86688068697394E-08 , 1.45689384830416E-05 , 392794 
# Schur factor 15755.95
 21 ,-0.846329113896473 , 2.86960597966511E-08 , 7.43442418897487E-06 , 392794 
# Schur factor 15756.52
 22 ,-0.84632928988252 , 2.78528440648694E-08 , 3.81929251032971E-06 , 392794 
# Schur factor 15757.08
 23 ,-0.846329385221777 , 2.58368392069119E-08 , 1.95811725201172E-06 , 392794 
# Schur factor 15757.63
 24 ,-0.846329437109122 , 2.09961582365541E-08 , 1.01294899223475E-06 , 392794 
# Schur factor 15758.2
 25 ,-0.846329460019263 , 1.79616086134613E-08 , 6.07244523794518E-07 , 392794 
# lower F=0.651685605589238 15758.81
 0 , 0 , 1.49583667197591 , 3342 , 392794 
# Schur factor 15758.92
 1 , 3.82461763431248E-02 , 0.508594463926591 , 4178.76872656976 , 392794 
# Schur factor 15760.02
 2 , 7.02659969207482E-02 , 4.18659937349144E-02 , 543.117647339869 , 392794 
# Schur factor 15761.03
 3 , 7.28037912221658E-02 , 1.06735595016838E-03 , 14.0528243418345 , 392794 
# Schur factor 15762.12
 4 , 5.87839372454738E-02 , 2.9545125764896E-04 , 3.87758944549972 , 392794 
# Schur factor 15762.69
 5 ,-3.91013518454344E-02 , 1.97531170369469E-04 , 2.74098939187255 , 392794 
# Schur factor 15763.25
 6 ,-0.304633889021345 , 8.6798651315334E-05 , 1.16510099407475 , 392794 
# Schur factor 15763.8
 7 ,-1.36299723129218 , 5.01122219489503E-05 , 1.01113416462432 , 392794 
# Schur factor 15764.36
 8 ,-3.31388187516116 , 5.65706484490454E-05 , 0.914374143136874 , 392794 
# Schur factor 15764.92
 9 ,-5.20712526686427 , 5.59711878117349E-05 , 0.516401887880777 , 392794 
# Schur factor 15765.48
 10 ,-6.71114890695798 , 5.48267089573924E-05 , 0.318370554467788 , 392794 
# Schur factor 15766.04
 11 ,-7.33307444795722 , 5.36334484954382E-05 , 0.306951739169607 , 392794 
# Schur factor 15766.59
 12 ,-7.6429055141993 , 5.31656853265887E-05 , 0.304003224311151 , 392794 
# Schur factor 15767.13
 13 ,-7.88439010003141 , 5.21652927944086E-05 , 0.308602464849462 , 392794 
# Schur factor 15767.67
 14 ,-7.91177100725976 , 4.97223051979692E-05 , 0.319578893506081 , 392794 
# Schur factor 15768.24
 15 ,-7.85712234610631 , 4.49626096826324E-05 , 0.35079372414458 , 392794 
# Schur factor 15768.81
 16 ,-7.80924113963314 , 3.53512331487933E-05 , 0.416809679585924 , 392794 
# Schur factor 15769.37
 17 ,-7.96965369705084 , 1.38358036535396E-05 , 0.410409959174949 , 392794 
# Schur factor 15769.9
 18 ,-8.15041654645317 , 6.6412801613047E-06 , 0.10331995917768 , 392794 
# Schur factor 15770.46
 19 ,-8.18901013467279 , 2.02633564254142E-06 , 0.026308026772803 , 392794 
# Schur factor 15770.99
 20 ,-8.19566985367072 , 1.05713034453452E-06 , 8.07607656317263E-03 , 392794 
# Schur factor 15771.56
 21 ,-8.19720718751894 , 4.28366795989752E-07 , 4.6289005297212E-03 , 392794 
# Schur factor 15772.14
 22 ,-8.19752163457036 , 2.43092258563918E-07 , 1.94374265162503E-03 , 392794 
# Schur factor 15772.71
 23 ,-8.19760448848296 , 1.80688233630288E-07 , 1.42209282051312E-03 , 392794 
# Schur factor 15773.28
 24 ,-8.19768087886826 , 1.52913340836205E-07 , 6.74142961351351E-04 , 392794 
# Schur factor 15773.84
 25 ,-8.19771109452373 , 1.16887895967414E-07 , 1.6193095613713E-04 , 392794 
# Schur factor 15774.4
 26 ,-8.19771568412963 , 1.0987473548053E-07 , 8.17091145404203E-05 , 392794 
# Schur factor 15774.95
 27 ,-8.1977174758942 , 1.06219263179302E-07 , 4.17319660835055E-05 , 392794 
# Schur factor 15775.51
 28 ,-8.19771840038033 , 1.02500743596485E-07 , 2.12485185176313E-05 , 392794 
# Schur factor 15776.07
 29 ,-8.19771929493886 , 9.6680815670968E-08 , 2.93507064087979E-06 , 392794 
# lower F=1.25514495081629 15776.69
 0 , 0 , 1 , 3342 , 392794 
# Schur factor 15776.8
 1 , 3.17217091801891E-02 , 7.57365535688379E-02 , 913.701792487693 , 392794 
# Schur factor 15777.91
 2 , 3.51334876618555E-02 , 1.61684291510177E-03 , 20.2450345741068 , 392794 
# Schur factor 15779.25
 3 , 0.027952651325219 , 1.57405471857527E-04 , 1.89050210775927 , 392794 
# Schur factor 15779.83
 4 ,-0.106572848462144 , 8.21722504260902E-05 , 1.06118821854612 , 392794 
# Schur factor 15780.41
 5 ,-0.598844695941081 , 3.88673848896255E-05 , 0.555540216956067 , 392794 
# Schur factor 15780.99
 6 ,-0.825675816202227 , 3.06174439684689E-05 , 0.561255979047268 , 392794 
# Schur factor 15781.57
 7 ,-0.855567174234433 , 1.79258594238393E-05 , 0.56066460668377 , 392794 
# Schur factor 15782.15
 8 ,-0.950468940557158 , 5.58676161840486E-06 , 0.198647742937075 , 392794 
# Schur factor 15782.71
 9 ,-0.956958297068726 , 2.43174626690306E-06 , 0.126517246729048 , 392794 
# Schur factor 15783.27
 10 ,-0.964226327635719 , 8.14868804306469E-07 , 3.97444349335121E-02 , 392794 
# Schur factor 15783.82
 11 ,-0.965553692137565 , 6.09997064811334E-07 , 2.63723070246634E-02 , 392794 
# Schur factor 15784.39
 12 ,-0.966742400104255 , 3.30929307240788E-07 , 9.28688689340653E-03 , 392794 
# Schur factor 15784.96
 13 ,-0.967199397214189 , 1.91427034838244E-07 , 2.34477181080394E-03 , 392794 
# Schur factor 15785.51
 14 ,-0.967266399580454 , 1.69958121586599E-07 , 9.56511016205918E-04 , 392794 
# Schur factor 15786.03
 15 ,-0.967302687194475 , 1.77559500069663E-07 , 2.22482345738501E-04 , 392794 
# Schur factor 15786.56
 16 ,-0.967310870945947 , 1.3365249427999E-07 , 6.61779913071128E-05 , 392794 
# Schur factor 15787.13
 17 ,-0.967313582667139 , 9.649947495672E-08 , 1.57825366689475E-05 , 392794 
# Schur factor 15787.69
 18 ,-0.96731410226968 , 8.7098565885426E-08 , 8.19221094916253E-06 , 392794 
# Schur factor 15788.24
 19 ,-0.967314390478642 , 7.98570926944161E-08 , 4.23767824187923E-06 , 392794 
# Schur factor 15788.78
 20 ,-0.967314478816966 , 5.7137250417491E-08 , 3.24482553848338E-06 , 392794 
# Schur factor 15789.35
 21 ,-0.967314552585027 , 5.44375312324121E-08 , 2.71835307417896E-06 , 392794 
# Schur factor 15789.9
 22 ,-0.967314657432303 , 5.21565984756534E-08 , 1.41199613186582E-06 , 392794 
# Schur factor 15790.46
 23 ,-0.967314726054165 , 5.0599664862124E-08 , 7.25870406390903E-07 , 392794 
# lower F=1.24241703720451 15791.12
 0 , 0 , 1 , 3342 , 392794 
# Schur factor 15791.23
 1 , 3.21772004093569E-02 , 7.88145217828442E-02 , 955.457567116991 , 392794 
# Schur factor 15792.34
 2 , 3.58465024517788E-02 , 1.68077797333746E-03 , 21.2324263870212 , 392794 
# Schur factor 15793.39
 3 , 2.89442853102551E-02 , 1.59887681808094E-04 , 1.9380897067926 , 392794 
# Schur factor 15793.95
 4 ,-0.103532464675524 , 8.33964638091485E-05 , 1.08538068154786 , 392794 
# Schur factor 15794.51
 5 ,-0.585900000850385 , 3.95858009273117E-05 , 0.565761591520202 , 392794 
# Schur factor 15795.08
 6 ,-0.852075142023877 , 3.07411162557084E-05 , 0.565038095129019 , 392794 
# Schur factor 15795.63
 7 ,-0.864589899783539 , 2.12104460428196E-05 , 0.573859387457651 , 392794 
# Schur factor 15796.21
 8 ,-0.96500646999442 , 6.88312139378062E-06 , 0.234169116173894 , 392794 
# Schur factor 15796.77
 9 ,-0.981736688949587 , 2.20568387128061E-06 , 0.105480214736325 , 392794 
# Schur factor 15797.35
 10 ,-0.987629684290639 , 9.52221795491292E-07 , 4.60181830400475E-02 , 392794 
# Schur factor 15797.92
 11 ,-0.989668389362445 , 4.51387175422169E-07 , 1.99842694197179E-02 , 392794 
# Schur factor 15798.49
 12 ,-0.990692771899849 , 2.66347610450806E-07 , 5.96816547093539E-03 , 392794 
# Schur factor 15799.05
 13 ,-0.990940672276224 , 1.56966786144815E-07 , 1.57196173722748E-03 , 392794 
# Schur factor 15799.6
 14 ,-0.990994998084107 , 1.87776847431862E-07 , 5.25531327508196E-04 , 392794 
# Schur factor 15800.17
 15 ,-0.991013898952414 , 1.70635348181017E-07 , 1.60516125801085E-04 , 392794 
# Schur factor 15800.72
 16 ,-0.991020472065731 , 1.22335410873697E-07 , 3.54119017309955E-05 , 392794 
# Schur factor 15801.3
 17 ,-0.991021507894593 , 8.94907593073078E-08 , 1.804147955266E-05 , 392794 
# Schur factor 15801.88
 18 ,-0.991021780846521 , 8.40579122479267E-08 , 1.37598451032153E-05 , 392794 
# Schur factor 15802.46
 19 ,-0.991022206413643 , 7.97373547723564E-08 , 7.05603661052137E-06 , 392794 
# Schur factor 15803.03
 20 ,-0.991022452944464 , 7.50761577521639E-08 , 3.66557343016511E-06 , 392794 
# Schur factor 15803.6
 21 ,-0.991022590467297 , 6.98424790357898E-08 , 2.1211979103368E-06 , 392794 
# Schur factor 15804.16
 22 ,-0.991022617994915 , 6.56963527508887E-08 , 1.90727660897681E-06 , 392794 
# Schur factor 15804.71
 23 ,-0.991022667570437 , 4.01427921723772E-08 , 1.48634738590779E-06 , 392794 
# Schur factor 15805.25
 24 ,-0.991022723512371 , 3.67615368532187E-08 , 1.02676264427163E-06 , 392794 
# Schur factor 15805.83
 25 ,-0.991022779388741 , 4.16288105018803E-08 , 5.87176705736089E-07 , 392794 
# lower F=1.23899982567879 15806.47
 0 , 0 , 1 , 3342 , 392794 
# Schur factor 15806.58
 1 , 3.22978966655589E-02 , 7.96580493651546E-02 , 966.881037822209 , 392794 
# Schur factor 15807.66
 2 , 3.60387242643598E-02 , 1.69831431431439E-03 , 21.504700194685 , 392794 
# Schur factor 15808.72
 3 , 2.92096976261293E-02 , 1.60557894864912E-04 , 1.95101961383318 , 392794 
# Schur factor 15809.29
 4 ,-0.102727679639176 , 8.37237642525228E-05 , 1.09190175159884 , 392794 
# Schur factor 15809.86
 5 ,-0.582522575284023 , 3.97730857358717E-05 , 0.568469779024179 , 392794 
# Schur factor 15810.43
 6 ,-0.851081850744229 , 3.10357038985532E-05 , 0.566753193748432 , 392794 
# Schur factor 15811
 7 ,-0.869592215322966 , 2.15734406732713E-05 , 0.572512180222234 , 392794 
# Schur factor 15811.57
 8 ,-0.968723385047259 , 7.15155144342158E-06 , 0.245429701546653 , 392794 
# Schur factor 15812.15
 9 ,-0.98873065823587 , 2.15668178299302E-06 , 0.101365949548504 , 392794 
# Schur factor 15812.71
 10 ,-0.994063125937751 , 1.09914358302839E-06 , 5.05368847959893E-02 , 392794 
# Schur factor 15813.26
 11 ,-0.996242607838077 , 4.73001850175977E-07 , 2.05740122471319E-02 , 392794 
# Schur factor 15813.82
 12 ,-0.997252091400023 , 2.6805829111404E-07 , 6.12095324551145E-03 , 392794 
# Schur factor 15814.37
 13 ,-0.997492642150643 , 1.6218596195698E-07 , 1.7458531851124E-03 , 392794 
# Schur factor 15814.92
 14 ,-0.997554537287434 , 1.93416951697386E-07 , 5.57463209107099E-04 , 392794 
# Schur factor 15815.49
 15 ,-0.997575299771788 , 1.73485479874955E-07 , 1.63522219591611E-04 , 392794 
# Schur factor 15816.04
 16 ,-0.997582416631143 , 1.207375525663E-07 , 2.74492227712898E-05 , 392794 
# Schur factor 15816.62
 17 ,-0.997583052716658 , 9.10656094124451E-08 , 1.73796067695431E-05 , 392794 
# Schur factor 15817.18
 18 ,-0.997583250595691 , 8.55632502257275E-08 , 1.42061753053618E-05 , 392794 
# Schur factor 15817.72
 19 ,-0.997583690238108 , 8.24735374862775E-08 , 7.28500089289702E-06 , 392794 
# Schur factor 15818.3
 20 ,-0.997583942178273 , 7.74381736812125E-08 , 3.78342511744884E-06 , 392794 
# Schur factor 15818.85
 21 ,-0.997584101377746 , 7.16486099309626E-08 , 1.95864923657612E-06 , 392794 
# Schur factor 15819.43
 22 ,-0.997584121256026 , 6.78971899457593E-08 , 1.78338176993426E-06 , 392794 
# Schur factor 15819.99
 23 ,-0.997584160414831 , 5.91680163089504E-08 , 1.57517060585553E-06 , 392794 
# Schur factor 15820.54
 24 ,-0.997584209791253 , 4.51137797451881E-08 , 1.11479072879813E-06 , 392794 
# Schur factor 15821.11
 25 ,-0.997584256929344 , 4.29469410563498E-08 , 5.69901190346362E-07 , 392794 
# lower F=1.23499982567879 15821.75
 0 , 0 , 1 , 3342 , 392794 
# Schur factor 15821.86
 1 , 3.24383072332532E-02 , 8.06546686817683E-02 , 980.367528808406 , 392794 
# Schur factor 15822.97
 2 , 3.62641639217561E-02 , 1.7190411903378E-03 , 21.8273664524339 , 392794 
# Schur factor 15823.99
 3 , 2.95199442618606E-02 , 1.61342065280899E-04 , 1.96621251546099 , 392794 
# Schur factor 15824.55
 4 ,-0.101794060755798 , 8.41059900309619E-05 , 1.09955125871538 , 392794 
# Schur factor 15825.1
 5 ,-0.578624293298142 , 3.99891200064031E-05 , 0.571618086749067 , 392794 
# Schur factor 15825.65
 6 ,-0.850719102116911 , 3.13407033925818E-05 , 0.568726156803291 , 392794 
# Schur factor 15826.2
 7 ,-0.87740809562176 , 2.13504683778998E-05 , 0.572269100146661 , 392794 
# Schur factor 15826.77
 8 ,-0.977056882244656 , 7.06818600493947E-06 , 0.245035081591826 , 392794 
# Schur factor 15827.35
 9 ,-0.996494224146478 , 2.16809092382156E-06 , 0.101235906498973 , 392794 
# Schur factor 15827.9
 10 ,-1.00180460239073 , 1.10191106065342E-06 , 5.07941238336879E-02 , 392794 
# Schur factor 15828.45
 11 ,-1.00403487652392 , 4.66693066909849E-07 , 2.03206151142344E-02 , 392794 
# Schur factor 15829.04
 12 ,-1.00504354840168 , 2.68070137183011E-07 , 6.03788823532466E-03 , 392794 
# Schur factor 15829.59
 13 ,-1.00528100283799 , 1.66959505778109E-07 , 1.73507668947403E-03 , 392794 
# Schur factor 15830.16
 14 ,-1.00534170533618 , 1.96023586135867E-07 , 5.79594499450733E-04 , 392794 
# Schur factor 15830.75
 15 ,-1.00536577725233 , 1.73052636777305E-07 , 1.2293547187149E-04 , 392794 
# Schur factor 15831.31
 16 ,-1.00537037142087 , 1.14639510982746E-07 , 3.33227145881931E-05 , 392794 
# Schur factor 15831.88
 17 ,-1.00537125421161 , 9.29505282651498E-08 , 1.85230308515369E-05 , 392794 
# Schur factor 15832.42
 18 ,-1.00537141635467 , 8.54591266984242E-08 , 1.57210648467857E-05 , 392794 
# Schur factor 15832.98
 19 ,-1.00537187515379 , 8.18133523983519E-08 , 8.03674673105312E-06 , 392794 
# Schur factor 15833.53
 20 ,-1.00537213320396 , 7.69606151451931E-08 , 4.17073480028894E-06 , 392794 
# Schur factor 15834.04
 21 ,-1.00537229398405 , 7.14518800749717E-08 , 2.14530360431054E-06 , 392794 
# Schur factor 15834.62
 22 ,-1.00537235544456 , 6.59037137863323E-08 , 1.61459095639914E-06 , 392794 
# Schur factor 15835.18
 23 ,-1.00537234275317 , 4.79374407130286E-08 , 1.59132305026763E-06 , 392794 
# Schur factor 15835.76
 24 ,-1.0053724139965 , 3.84336981048817E-08 , 8.14931613611612E-07 , 392794 
# triangulation 0/316 15837.83
# triangulation 256/316 15837.87
# upper F=1.19697356128636 15838.27
# upper elements 0/557 15838.29
# upper elements 256/557 15838.41
# upper elements 512/557 15838.53
# upper edges 0/872 15838.57
# upper edges 512/872 15838.67
# compile arrays 15839.51
# ordering 6889 15841.6
# ordering 0/6889 15843.6
# ordering complete 15851.53
# symbolic factorization 15851.74
# symbolic complete 251758 15851.83
 0 , 0 , 182.726162377225 , 12877.3351562758 , 251758 
 1 , 144.211594551227 , 151.073727978445 , 11668.9884349039 , 251758 
 2 , 353.557605157285 , 103.055498391711 , 9323.67755749396 , 251758 
 3 , 482.399569985962 , 72.2185393449631 , 7480.75759282147 , 251758 
 4 , 519.682628314978 , 33.8888379714892 , 3763.86111917707 , 251758 
 5 , 506.035576264047 , 11.9265010913571 , 1565.68582658912 , 251758 
 6 , 406.839162265656 , 4.96344791700517 , 789.491455331697 , 251758 
 7 , 251.386098028975 , 1.92902221841038 , 373.889012184933 , 251758 
 8 , 161.586027858171 , 0.649756925941834 , 197.790166011619 , 251758 
 9 , 77.1967372006344 , 0.187769532262535 , 85.4868625061937 , 251758 
 10 , 11.9022435175989 , 2.28530398255732E-02 , 11.8457813246472 , 251758 
 11 , 2.57441970575984 , 3.01229063663059E-03 , 1.64644892027515 , 251758 
 12 , 2.10138470277869 , 1.72840645675611E-03 , 1.0612376364915 , 251758 
 13 , 1.75853531863669 , 6.42365936997361E-04 , 0.639599891245442 , 251758 
 14 , 1.44085244683909 , 1.743458101972E-04 , 0.286472268522321 , 251758 
 15 , 1.29726383643135 , 2.4638493504255E-06 , 0.126567646937373 , 251758 
 16 , 1.24190205243565 , 1.33878846810072E-06 , 6.83124436530496E-02 , 251758 
 17 , 1.20678475193332 , 6.30310747511664E-07 , 3.11812687560246E-02 , 251758 
 18 , 1.18709758340172 , 2.25187502154513E-07 , 1.02484212530196E-02 , 251758 
 19 , 1.18213407787 , 1.30038650088625E-07 , 4.87483274325934E-03 , 251758 
 20 , 1.17962713296526 , 6.19784498573734E-08 , 2.1489676613838E-03 , 251758 
 21 , 1.17846038678027 , 2.52090035378433E-08 , 8.64394350166417E-04 , 251758 
 22 , 1.17817430677859 , 1.60214447259953E-08 , 5.46967659381821E-04 , 251758 
 23 , 1.17791847277418 , 7.68259059418525E-09 , 2.6211479993474E-04 , 251758 
 24 , 1.17779105894013 , 3.45780142589697E-09 , 1.19305111260426E-04 , 251758 
 25 , 1.17773941278547 , 1.76443238668624E-09 , 6.08353129856728E-05 , 251758 
 26 , 1.17771318876905 , 9.02927726914767E-10 , 3.10302247900079E-05 , 251758 
 27 , 1.17769985443774 , 4.61769419097585E-10 , 1.58376480604642E-05 , 251758 
 28 , 1.17769306935546 , 2.36687096807826E-10 , 8.08177454110275E-06 , 251758 
 29 , 1.17768961727691 , 1.21400251771418E-10 , 4.12399856426461E-06 , 251758 
 30 , 1.17768786838976 , 6.25864021978529E-11 , 2.11421435777915E-06 , 251758 
 31 , 1.17768697307304 , 3.22424344472885E-11 , 1.08348008809343E-06 , 251758 
# upper F=1.46296768601666 15863.72
 0 , 0 , 219.584890880432 , 12877.3351562758 , 251758 
 1 , 181.464497174069 , 173.9470029487 , 11295.6300525074 , 251758 
 2 , 423.314097648934 , 112.398109558889 , 8560.21771319112 , 251758 
 3 , 581.654391760224 , 60.7317402656807 , 5222.47790277753 , 251758 
 4 , 653.980326626197 , 28.5455868808583 , 2779.55448328403 , 251758 
 5 , 518.851291559004 , 9.34610824842227 , 1073.83831399259 , 251758 
 6 , 283.095361520905 , 2.44220313978993 , 389.257502682443 , 251758 
 7 , 169.916797882558 , 1.06110426444759 , 207.985847508095 , 251758 
 8 , 66.0560698531147 , 0.242406658016735 , 72.4056576556135 , 251758 
 9 , 7.30958771496245 , 2.19274403440873E-02 , 7.24812403749426 , 251758 
 10 , 1.57863716808102 , 3.08774161925807E-03 , 1.03994824341088 , 251758 
 11 , 1.21989319134399 , 1.43169189059515E-03 , 0.562352084245923 , 251758 
 12 , 1.08031124375476 , 6.26849772727971E-04 , 0.385262795238252 , 251758 
 13 , 0.915448757161671 , 2.55826220533689E-04 , 0.199502004882115 , 251758 
 14 , 0.833712047036647 , 8.80560027410257E-05 , 0.108539044863742 , 251758 
 15 , 0.789059782514838 , 1.47062435850234E-05 , 5.87861727710548E-02 , 251758 
 16 , 0.754064606918586 , 3.63839830154478E-06 , 2.13292989559917E-02 , 251758 
 17 , 0.749001213055186 , 1.73832108026073E-06 , 1.58050283229959E-02 , 251758 
 18 , 0.738661961403575 , 1.9438634701191E-07 , 4.64372271145595E-03 , 251758 
 19 , 0.73704600318113 , 8.17066007195591E-08 , 2.8685499522703E-03 , 251758 
 20 , 0.735464361266757 , 3.33320754772462E-08 , 1.13245022305523E-03 , 251758 
 21 , 0.735070671895387 , 2.33558346977138E-08 , 6.94327292374049E-04 , 251758 
 22 , 0.734664724268672 , 9.10194725600502E-09 , 2.41051842371512E-04 , 251758 
 23 , 0.734536560058188 , 3.61772586367794E-09 , 9.46588243891959E-05 , 251758 
 24 , 0.734495131472919 , 1.8086995606298E-09 , 4.68870484339657E-05 , 251758 
 25 , 0.734475410269528 , 9.39653503299955E-10 , 2.39794166357699E-05 , 251758 
 26 , 0.734465387004629 , 4.95048115740891E-10 , 1.22416853185515E-05 , 251758 
 27 , 0.734460290382269 , 2.95219537613697E-10 , 6.2541841416294E-06 , 251758 
 28 , 0.734457712814802 , 2.0345046636009E-10 , 3.20215898657535E-06 , 251758 
 29 , 0.734456415949575 , 1.26849395039017E-10 , 1.66397607383907E-06 , 251758 
 30 , 0.734455747684621 , 7.82801441116004E-11 , 8.66763656686457E-07 , 251758 
# upper F=1.2831330800859 15875.3
 0 , 0 , 194.573289064227 , 12877.3351562758 , 251758 
 1 , 155.204007846659 , 158.952387830095 , 11564.1976301344 , 251758 
 2 , 375.848262625834 , 106.554088846195 , 9089.12187414433 , 251758 
 3 , 518.053039725455 , 69.9683737128785 , 6829.30069497446 , 251758 
 4 , 564.019333264411 , 30.2502717831055 , 3212.42371875012 , 251758 
 5 , 519.896150726356 , 9.17497966667768 , 1216.81841566342 , 251758 
 6 , 346.948844226617 , 3.3870815220585 , 554.931741644587 , 251758 
 7 , 180.800516242139 , 1.32855863945168 , 244.82183106231 , 251758 
 8 , 119.525985962874 , 0.420851309884701 , 137.560658130977 , 251758 
 9 , 27.4802819388632 , 0.072513163930609 , 29.2064526104483 , 251758 
 10 , 2.68012677367436 , 4.8947661578693E-03 , 2.01573873634985 , 251758 
 11 , 1.8854285068619 , 2.22482676202566E-03 , 1.04023450938204 , 251758 
 12 , 1.59491408431299 , 1.05178545283809E-03 , 0.677008040189053 , 251758 
 13 , 1.3097965841371 , 3.5026837891259E-04 , 0.351546735732811 , 251758 
 14 , 1.20172874059581 , 1.69907156183952E-04 , 0.231300283617883 , 251758 
 15 , 1.09027053393521 , 4.90919827044814E-05 , 0.109261119925991 , 251758 
 16 , 1.0420737447906 , 1.54924431160219E-05 , 5.70353223540499E-02 , 251758 
 17 , 1.00782412275649 , 2.09399353117562E-06 , 2.02356443342688E-02 , 251758 
 18 , 0.998644123903288 , 2.94693945667025E-07 , 1.02719872130214E-02 , 251758 
 19 , 0.992322552025406 , 1.03960231030446E-07 , 3.4649822082394E-03 , 251758 
 20 , 0.991309757993264 , 7.83203101636215E-08 , 2.36052433105687E-03 , 251758 
 21 , 0.990051993852145 , 3.52004026339895E-08 , 9.85220625446807E-04 , 251758 
 22 , 0.989631294569483 , 1.87339661794111E-08 , 5.18701537029716E-04 , 251758 
 23 , 0.989328708963109 , 6.62837478852424E-09 , 1.81973031386342E-04 , 251758 
 24 , 0.989255062002135 , 3.61796376977638E-09 , 9.93032214551589E-05 , 251758 
 25 , 0.989211889919758 , 1.87768985440504E-09 , 5.06983421378993E-05 , 251758 
 26 , 0.989192674804177 , 1.07402045629331E-09 , 2.88792787656476E-05 , 251758 
 27 , 0.989174358863198 , 3.08146955036364E-10 , 8.09905166946948E-06 , 251758 
 28 , 0.989170907024869 , 1.59190658945666E-10 , 4.13767254358724E-06 , 251758 
 29 , 0.989169143450653 , 8.07455569026778E-11 , 2.11415571324811E-06 , 251758 
 30 , 0.989168244947268 , 4.07379827607301E-11 , 1.08088672837971E-06 , 251758 
 31 , 0.989167788105786 , 2.06256168862233E-11 , 5.54491185450806E-07 , 251758 
# upper F=1.27757720458799 15887.23
 0 , 0 , 193.806344482894 , 12877.3351562758 , 251758 
 1 , 154.456873525857 , 158.458422692674 , 11571.4880421087 , 251758 
 2 , 374.742479245738 , 106.261439560932 , 9100.04384870539 , 251758 
 3 , 516.190308833812 , 70.4673132712853 , 6909.70114950235 , 251758 
 4 , 563.172000342993 , 30.0236164593605 , 3210.92970611939 , 251758 
 5 , 519.637179250689 , 9.26007847774596 , 1229.6706223113 , 251758 
 6 , 343.986243877474 , 3.42112650557731 , 555.123170640312 , 251758 
 7 , 177.656312917662 , 1.32791067943952 , 241.835059822145 , 251758 
 8 , 118.102463300456 , 0.421616859826657 , 136.263475744746 , 251758 
 9 , 27.4785012112258 , 7.36954886432436E-02 , 29.2605024477291 , 251758 
 10 , 2.71002352408909 , 5.02111416101392E-03 , 2.04140243087311 , 251758 
 11 , 1.90750678785374 , 2.28621961142741E-03 , 1.05518681607564 , 251758 
 12 , 1.61503776988479 , 1.08132296746358E-03 , 0.688527050150437 , 251758 
 13 , 1.32418916794466 , 3.67289055559952E-04 , 0.356366891364419 , 251758 
 14 , 1.20751147331168 , 1.74657849534819E-04 , 0.226603402643173 , 251758 
 15 , 1.10225812889329 , 5.37192516841881E-05 , 0.111045275891782 , 251758 
 16 , 1.05229889421901 , 1.54247480116804E-05 , 5.67717835148288E-02 , 251758 
 17 , 1.01795182595594 , 1.84541987501008E-06 , 1.98578533176438E-02 , 251758 
 18 , 1.00893377810317 , 2.91426290643315E-07 , 1.00772730103939E-02 , 251758 
 19 , 1.00281503941695 , 1.06795293220539E-07 , 3.48446423024431E-03 , 251758 
 20 , 1.00162637089074 , 7.67152798844274E-08 , 2.18901040765763E-03 , 251758 
 21 , 1.00037235460305 , 2.96292645674763E-08 , 8.14736589541552E-04 , 251758 
 22 , 1.00000807104998 , 1.50790837982488E-08 , 4.10176233061159E-04 , 251758 
 23 , 0.999820139307735 , 7.44460977741004E-09 , 2.01066333394118E-04 , 251758 
 24 , 0.999713731873862 , 3.03480501718651E-09 , 8.12932069696734E-05 , 251758 
 25 , 0.999679690220007 , 1.62392176241905E-09 , 4.28967556298549E-05 , 251758 
 26 , 0.999662355560985 , 8.81667764774555E-10 , 2.32073021410061E-05 , 251758 
 27 , 0.999652351067342 , 4.53309189443141E-10 , 1.1845190235076E-05 , 251758 
 28 , 0.999647263452053 , 2.29968974677244E-10 , 6.04329047797065E-06 , 251758 
 29 , 0.999644675812802 , 1.16825170435819E-10 , 3.08575236140727E-06 , 251758 
 30 , 0.999643358968684 , 5.95689921805464E-11 , 1.57702757214049E-06 , 251758 
 31 , 0.999642693768938 , 3.09946701594524E-11 , 8.133969650637E-07 , 251758 
# upper F=1.27262810305624 15899.18
 0 , 0 , 193.123490216935 , 12877.3351562758 , 251758 
 1 , 153.79542114177 , 158.01678941489 , 11577.9236698298 , 251758 
 2 , 373.773235255157 , 105.995984581878 , 9109.52116913571 , 251758 
 3 , 514.566875832483 , 70.914551297956 , 6982.56419417089 , 251758 
 4 , 562.477417247203 , 29.7927320451679 , 3207.10735311126 , 251758 
 5 , 521.29636947783 , 9.35353191645378 , 1246.34629906238 , 251758 
 6 , 343.004039387189 , 3.46265034020064 , 558.257747202523 , 251758 
 7 , 175.893240662037 , 1.33024881018578 , 240.530809075126 , 251758 
 8 , 117.804455057935 , 0.424510654937877 , 136.237477659765 , 251758 
 9 , 27.8536489172945 , 7.56253447405782E-02 , 29.723165461407 , 251758 
 10 , 2.75480903180047 , 5.16667127548228E-03 , 2.08363677210264 , 251758 
 11 , 1.93054817272964 , 2.3446585635418E-03 , 1.07195554022341 , 251758 
 12 , 1.6334334200585 , 1.10658546272988E-03 , 0.698969721840309 , 251758 
 13 , 1.3380826499311 , 3.79273393894264E-04 , 0.361492768902141 , 251758 
 14 , 1.21423997789587 , 1.7759601745998E-04 , 0.22384736481581 , 251758 
 15 , 1.1129277904962 , 5.6249959561043E-05 , 0.112382395748052 , 251758 
 16 , 1.06131031980674 , 1.49318475280366E-05 , 5.62377963736055E-02 , 251758 
 17 , 1.02693507880007 , 1.48232113680175E-06 , 1.92930359793149E-02 , 251758 
 18 , 1.01806451133135 , 2.83239299821785E-07 , 9.68000341564177E-03 , 251758 
 19 , 1.01231672308422 , 1.0821338324786E-07 , 3.48446541286368E-03 , 251758 
 20 , 1.01105902268517 , 7.58723865778767E-08 , 2.11471747723799E-03 , 251758 
 21 , 1.00979871345425 , 2.69741268580243E-08 , 7.32219988879672E-04 , 251758 
 22 , 1.00947788552744 , 1.39306374338276E-08 , 3.75081583261278E-04 , 251758 
 23 , 1.00930601058838 , 6.89238778798182E-09 , 1.83585903791173E-04 , 251758 
 24 , 1.00920619672119 , 2.67191619634312E-09 , 7.10605459298677E-05 , 251758 
 25 , 1.0091801766606 , 1.57445544494735E-09 , 4.15980035953636E-05 , 251758 
 26 , 1.00916222228775 , 8.09721491201284E-10 , 2.12205888175227E-05 , 251758 
 27 , 1.00915307460438 , 4.14329753967344E-10 , 1.08304051141304E-05 , 251758 
 28 , 1.00914842243018 , 2.11226679025058E-10 , 5.52877119919987E-06 , 251758 
 29 , 1.00914605502226 , 1.07586698249753E-10 , 2.82266908252966E-06 , 251758 
 30 , 1.00914485461057 , 5.55364665321373E-11 , 1.4469255413349E-06 , 251758 
 31 , 1.0091442439429 , 5.20282832353785E-11 , 7.45487470839124E-07 , 251758 
# lower F=1.11149984311091 15911.46
# compile arrays 15916.94
# ordering 18397 15922.24
# ordering 0/18397 15927.37
# ordering 8192/18397 15934.85
# ordering 16384/18397 15941.79
# ordering complete 15943.99
# symbolic factorization 15944.24
# symbolic complete 529919 15944.37
 0 , 0 , 1 , 3342 , 529919 
# Schur factor 15944.49
# Schur mapping 5632 15944.74
# Schur mapping 7680 15945.01
# Schur mapping 9216 15945.32
# Schur mapping 12288 15945.54
# ordering 0/8371 15945.78
# ordering 8192/8371 15947.62
# Schur mapping 0 15947.85
 1 , 4.41167522408084E-02 , 0.123959021114536 , 1884.90104017305 , 529919 
# Schur factor 15949.25
 2 , 5.07624717922552E-02 , 2.67860511806414E-03 , 46.9748996728839 , 529919 
# Schur factor 15950.88
 3 , 4.56497997775073E-02 , 2.50595349858652E-04 , 4.35164428507366 , 529919 
# Schur factor 15951.42
 4 ,-5.27568480474914E-02 , 1.4079325819479E-04 , 2.74946324355544 , 529919 
# Schur factor 15951.97
 5 ,-0.336447451728521 , 5.68875733565784E-05 , 1.30587229146216 , 529919 
# Schur factor 15952.5
 6 ,-0.559721513061252 , 4.91393621144601E-05 , 1.22686811627211 , 529919 
# Schur factor 15953.04
 7 ,-0.528344629151546 , 4.78207569207033E-05 , 1.23342236142803 , 529919 
# Schur factor 15953.57
 8 ,-0.438428227283607 , 2.56039675553098E-05 , 1.06854864157182 , 529919 
# Schur factor 15954.1
 9 ,-0.52969419851891 , 1.19865189870795E-05 , 0.532053964146757 , 529919 
# Schur factor 15954.65
 10 ,-0.584357679524772 , 2.3527426426212E-06 , 0.168100250791868 , 529919 
# Schur factor 15955.17
 11 ,-0.588880490950232 , 1.95863550147667E-07 , 3.74999522520993E-03 , 529919 
# Schur factor 15955.69
 12 ,-0.588977780571365 , 7.60908375692108E-09 , 7.49972160141522E-05 , 529919 
# Schur factor 15956.23
 13 ,-0.588979723166261 , 2.25361246171528E-10 , 1.4925285362983E-06 , 529919 
# Schur factor 15956.75
 14 ,-0.588979761702155 , 5.95250106054488E-12 , 2.97094287529187E-08 , 529919 
# lower cache store 0 15957.39
# lower cache store 256 15957.42
# lower cache store 512 15957.45
# lower cache store 768 15957.47
# lower cache store 1024 15957.49
# lower cache store 1280 15957.52
# lower cache store 1536 15957.54
# lower cache store 1792 15957.57
# lower cache store 2048 15957.59
# lower cache store 2304 15957.62
# lower cache store 2560 15957.64
# lower cache store 2816 15957.67
# lower cache store 3072 15957.69
# lower cache store 3328 15957.72
# lower F=1.35849980824667 15957.82
 0 , 0 , 1 , 3342 , 529919 
# Schur factor 15958
 1 , 3.26788590542944E-02 , 4.67865416078127E-02 , 727.23668635723 , 529919 
# Schur factor 15959.36
 2 , 0.033816420036176 , 1.08539733567941E-03 , 17.1235429722311 , 529919 
# Schur factor 15960.72
 3 , 2.18288945700426E-02 , 1.61917948756647E-04 , 2.5431118634451 , 529919 
# Schur factor 15961.27
 4 ,-0.131804246319401 , 6.31030542745662E-05 , 1.21846489551005 , 529919 
# Schur factor 15961.81
 5 ,-0.38274346965916 , 4.20292333150819E-05 , 0.919651466052833 , 529919 
# Schur factor 15962.34
 6 ,-0.449766356257395 , 3.73186457025608E-05 , 0.898118689095887 , 529919 
# Schur factor 15962.87
 7 ,-0.368036675899487 , 3.44739319185972E-05 , 0.903588134881374 , 529919 
# Schur factor 15963.42
 8 ,-0.458567792182212 , 1.28647591238865E-05 , 0.377593727996194 , 529919 
# Schur factor 15963.96
 9 ,-0.460197812552264 , 2.79767159309848E-07 , 1.01077655628698E-02 , 529919 
# Schur factor 15964.48
 10 ,-0.460404974813485 , 9.57597791219686E-09 , 2.03504916423575E-04 , 529919 
# Schur factor 15965
 11 ,-0.460409135113068 , 3.49028716839158E-10 , 4.05071319454628E-06 , 529919 
# Schur factor 15965.5
 12 ,-0.460409218279409 , 1.2617535247197E-10 , 5.56972130925254E-07 , 529919 
# lower F=0.555749921555457 15966.15
 0 , 0 , 1.75684898894342 , 3342 , 529919 
# Schur factor 15966.26
 1 , 1.64901365481131E-02 , 1.13751166252486 , 4826.32737684044 , 529919 
# Schur factor 15967.64
 2 , 5.34543782046329E-02 , 0.315721796052193 , 3155.82925572322 , 529919 
# Schur factor 15969.07
 3 , 7.37474431201527E-02 , 1.66077442328603E-02 , 217.3794509736 , 529919 
# Schur factor 15970.39
 4 , 0.073286274185162 , 8.61810222255954E-04 , 11.2368764891955 , 529919 
# Schur factor 15970.95
 5 , 0.037594934199739 , 7.14138189098712E-04 , 9.59243950318328 , 529919 
# Schur factor 15971.5
 6 ,-7.41818237474021E-02 , 5.11910139846972E-04 , 7.30107372189691 , 529919 
# Schur factor 15972.04
 7 ,-0.330065975988252 , 2.23538818618252E-04 , 3.23739279382864 , 529919 
# Schur factor 15972.58
 8 ,-1.16825951778305 , 1.42327307361967E-04 , 2.31679549243905 , 529919 
# Schur factor 15973.11
 9 ,-1.49974995142007 , 1.33693279334324E-04 , 2.38304610386385 , 529919 
# Schur factor 15973.64
 10 ,-1.15922270878548 , 1.30912259333371E-04 , 2.43056552436321 , 529919 
# Schur factor 15974.16
 11 ,-1.49892907759212 , 7.78661703328964E-05 , 1.95716824592774 , 529919 
# Schur factor 15974.68
 12 ,-1.51397493566903 , 8.20456170913531E-06 , 0.284309652531319 , 529919 
# Schur factor 15975.2
 13 ,-1.5209359564254 , 3.86178077968171E-07 , 6.64850246594715E-03 , 529919 
# Schur factor 15975.71
 14 ,-1.52109567201533 , 1.37938588586716E-08 , 1.32952227012874E-04 , 529919 
# Schur factor 15976.27
 15 ,-1.52109888499756 , 3.25611212394956E-09 , 1.82783945365642E-05 , 529919 
# Schur factor 15976.79
 16 ,-1.5210989211226 , 4.97327999796303E-10 , 2.51309815557671E-06 , 529919 
# Schur factor 15977.32
 17 ,-1.52109892202737 , 7.06720192007828E-11 , 3.45546790112938E-07 , 529919 
# lower F=0.755013942654914 15977.94
 0 , 0 , 1.25376058350197 , 3342 , 529919 
# Schur factor 15978.05
 1 , 3.56219665086724E-02 , 0.51067052564587 , 4310.24803603197 , 529919 
# Schur factor 15979.43
 2 , 6.89499069355054E-02 , 4.16292279753563E-02 , 720.961752728362 , 529919 
# Schur factor 15980.84
 3 , 7.15828143888946E-02 , 1.1869564375615E-03 , 21.0336711508759 , 529919 
# Schur factor 15982.17
 4 , 0.053059253033205 , 4.93117513890251E-04 , 8.89629943040747 , 529919 
# Schur factor 15982.68
 5 ,-3.71163959282381E-02 , 3.68671629661588E-04 , 7.14084438461624 , 529919 
# Schur factor 15983.22
 6 ,-0.229808661612984 , 1.66596552794829E-04 , 3.42793375690676 , 529919 
# Schur factor 15983.75
 7 ,-0.818442051760296 , 1.00563426620681E-04 , 2.2835591699118 , 529919 
# Schur factor 15984.3
 8 ,-0.972342432832642 , 9.66295343083345E-05 , 2.32285197502773 , 529919 
# Schur factor 15984.84
 9 ,-0.644494603038463 , 8.93768146230656E-05 , 2.37773121914264 , 529919 
# Schur factor 15985.37
 10 ,-0.900988089108503 , 6.06836052305937E-05 , 1.91729479988268 , 529919 
# Schur factor 15985.92
 11 ,-0.969376417083575 , 9.41890818140223E-06 , 0.4888036757993 , 529919 
# Schur factor 15986.46
 12 ,-0.978271217497876 , 4.79202537052472E-07 , 1.07263768762912E-02 , 529919 
# Schur factor 15986.98
 13 ,-0.978456188190939 , 1.66298257812388E-08 , 2.15178763109516E-04 , 529919 
# Schur factor 15987.54
 14 ,-0.978459891111343 , 4.75863465106367E-10 , 4.33334862575643E-06 , 529919 
# Schur factor 15988.08
 15 ,-0.97845993149987 , 2.08702414738975E-10 , 2.3130729267423E-06 , 529919 
# Schur factor 15988.61
 16 ,-0.978459955668799 , 1.59820457052801E-10 , 9.2423244476551E-07 , 529919 
# lower F=0.743681288394004 15989.25
 0 , 0 , 1.27846495007233 , 3342 , 529919 
# Schur factor 15989.36
 1 , 3.47630038415369E-02 , 0.535626359590844 , 4371.84180009875 , 529919 
# Schur factor 15990.76
 2 , 6.89650647102289E-02 , 0.046832941428101 , 792.512061416978 , 529919 
# Schur factor 15992.17
 3 , 7.20104195070763E-02 , 1.30588747162586E-03 , 22.7169086084014 , 529919 
# Schur factor 15992.68
 4 , 5.48861597644419E-02 , 5.06111717776481E-04 , 8.94427678640275 , 529919 
# Schur factor 15993.2
 5 ,-2.97143288895422E-02 , 3.89661662113294E-04 , 7.35979773706283 , 529919 
# Schur factor 15993.76
 6 ,-0.217681684995519 , 1.7181138056177E-04 , 3.43409414796857 , 529919 
# Schur factor 15994.28
 7 ,-0.821803442350841 , 1.02177397085512E-04 , 2.25191208614929 , 529919 
# Schur factor 15994.82
 8 ,-0.991424268927991 , 9.80791100104739E-05 , 2.29466500081109 , 529919 
# Schur factor 15995.31
 9 ,-0.651851538868981 , 9.23811038262556E-05 , 2.34988829490741 , 529919 
# Schur factor 15995.83
 10 ,-0.922146310783545 , 6.53822069125454E-05 , 1.99693110963188 , 529919 
# Schur factor 15996.37
 11 ,-0.986416410179423 , 1.03650370348873E-05 , 0.516354216321334 , 529919 
# Schur factor 15996.9
 12 ,-0.99885676075399 , 6.1996943895313E-07 , 1.17196841510115E-02 , 529919 
# Schur factor 15997.42
 13 ,-0.999116295084367 , 2.23218216898397E-08 , 2.35925028664772E-04 , 529919 
# Schur factor 15997.95
 14 ,-0.999121508557697 , 6.46046440596213E-10 , 4.73051161863757E-06 , 529919 
# Schur factor 15998.5
 15 ,-0.999121565222991 , 2.87005419862211E-10 , 2.52620663303083E-06 , 529919 
# Schur factor 15999
 16 ,-0.999121613167914 , 1.01898606014302E-11 , 7.36494927175088E-08 , 529919 
# lower F=0.739681288394004 15999.64
 0 , 0 , 1.28728887012781 , 3342 , 529919 
# Schur factor 15999.75
 1 , 3.44539251810212E-02 , 0.544623617821555 , 4393.03408963811 , 529919 
# Schur factor 16001.08
 2 , 6.89530628974202E-02 , 4.88039269806189E-02 , 819.066011212072 , 529919 
# Schur factor 16002.42
 3 , 7.21523998359208E-02 , 1.35097336051393E-03 , 23.3499352745748 , 529919 
# Schur factor 16003.88
 4 , 5.55055868879838E-02 , 5.10518421668715E-04 , 8.9574034113991 , 529919 
# Schur factor 16004.42
 5 ,-0.02685244486606 , 3.9733814704368E-04 , 7.43741780522903 , 529919 
# Schur factor 16004.96
 6 ,-0.213315896165573 , 1.73364586899538E-04 , 3.42934485767818 , 529919 
# Schur factor 16005.48
 7 ,-0.823316165708311 , 1.02758054902452E-04 , 2.2413658051648 , 529919 
# Schur factor 16006.04
 8 ,-0.998439920150406 , 9.85974451683802E-05 , 2.2853764422258 , 529919 
# Schur factor 16006.57
 9 ,-0.655205115629316 , 9.32697689677298E-05 , 2.34069199849205 , 529919 
# Schur factor 16007.1
 10 ,-0.92900686274526 , 6.69262531829418E-05 , 2.024317854309 , 529919 
# Schur factor 16007.64
 11 ,-0.992787975660053 , 1.09727386359282E-05 , 0.541345157328341 , 529919 
# Schur factor 16008.18
 12 ,-1.00632847087515 , 6.67543408469687E-07 , 1.23696199380638E-02 , 529919 
# Schur factor 16008.72
 13 ,-1.00661007736412 , 2.41290565640637E-08 , 2.49285636338249E-04 , 529919 
# Schur factor 16009.25
 14 ,-1.0066157405099 , 6.98933120981024E-10 , 4.99356380716579E-06 , 529919 
# Schur factor 16009.81
 15 ,-1.00661580199666 , 3.11089590516604E-10 , 2.66737375632072E-06 , 529919 
# Schur factor 16010.34
 16 ,-1.00661585411948 , 1.07042317038103E-11 , 7.47876258958611E-08 , 529919 
# upper F=1.14981948412919 16012.31
# upper elements 0/640 16012.33
# upper elements 256/640 16012.45
# upper elements 512/640 16012.57
# upper edges 0/997 16012.64
# upper edges 512/997 16012.75
# compile arrays 16014.43
# ordering 7885 16016.81
# ordering 0/7885 16019.08
# ordering complete 16028.75
# symbolic factorization 16028.99
# symbolic complete 300929 16029.08
 0 , 0 , 88.7987542979663 , 14864.0063674359 , 300929 
 1 , 206.497223883823 , 46.9303360974872 , 8687.89670462709 , 300929 
 2 , 304.078065310215 , 27.5550938118223 , 6010.35405831302 , 300929 
 3 , 315.793975277211 , 17.5473272381913 , 4251.64145827181 , 300929 
 4 , 336.124238681989 , 12.3209224754269 , 3341.44054121539 , 300929 
 5 , 380.269945603864 , 8.16155913330887 , 2527.10305898262 , 300929 
 6 , 437.604540471354 , 5.36755872040333 , 1874.1555500891 , 300929 
 7 , 494.471711425495 , 3.36265177562186 , 1382.44178569746 , 300929 
 8 , 389.168882606461 , 1.64541548166583 , 761.197380567699 , 300929 
 9 , 325.581081647587 , 0.893020257548579 , 510.704579368027 , 300929 
 10 , 275.794919477662 , 0.542819314136774 , 381.860783889359 , 300929 
 11 , 128.058836157843 , 0.161057441024458 , 152.723583119076 , 300929 
 12 , 39.2492733841597 , 1.61144707801508E-03 , 38.1600389035152 , 300929 
 13 , 4.92476770820024 , 1.52951201895207E-04 , 3.64058120150285 , 300929 
 14 , 2.5870233571021 , 3.53596546242285E-05 , 1.24718829789053 , 300929 
 15 , 2.08669432077505 , 1.34806900294604E-05 , 0.718450516906376 , 300929 
 16 , 1.82242017123307 , 4.1655530148843E-06 , 0.439883515475158 , 300929 
 17 , 1.59079895142617 , 1.07032579013677E-06 , 0.197830595335231 , 300929 
 18 , 1.5169664274795 , 4.78650628253701E-07 , 0.12001296440314 , 300929 
 19 , 1.46601956585974 , 2.82561144969352E-07 , 6.59189351246789E-02 , 300929 
 20 , 1.42676890438808 , 1.34949229765029E-07 , 0.024072171658035 , 300929 
 21 , 1.41602485456928 , 1.30980664200667E-07 , 0.012474236096872 , 300929 
 22 , 1.40962966969143 , 9.53807186230008E-08 , 5.46999875392234E-03 , 300929 
 23 , 1.40711735752406 , 7.6619749985924E-08 , 2.70601041518906E-03 , 300929 
 24 , 1.40576285257723 , 6.11837756066871E-08 , 1.20672184267093E-03 , 300929 
 25 , 1.40525477067837 , 4.4003949946821E-08 , 6.41198976480296E-04 , 300929 
 26 , 1.40502025630041 , 3.33589792437495E-08 , 3.78299665528113E-04 , 300929 
 27 , 1.40482718342294 , 2.15512837279586E-08 , 1.61560049066396E-04 , 300929 
 28 , 1.4047784172715 , 1.53192952737491E-08 , 1.06744399239435E-04 , 300929 
 29 , 1.40473803804551 , 1.1080178379837E-08 , 6.1088646135476E-05 , 300929 
 30 , 1.40471760176663 , 8.17662927478863E-09 , 3.79224955804596E-05 , 300929 
 31 , 1.4047005271147 , 5.45209186088733E-09 , 1.85076701273901E-05 , 300929 
 32 , 1.40469254704375 , 4.29456326482022E-09 , 9.44581683949559E-06 , 300929 
 33 , 1.40468858579489 , 3.81560093193681E-09 , 4.93128311175692E-06 , 300929 
 34 , 1.40468670175155 , 3.61398426257222E-09 , 2.77589312337159E-06 , 300929 
 35 , 1.40468556322083 , 3.30992328930474E-09 , 1.47229189852764E-06 , 300929 
 36 , 1.4046849484709 , 3.01813849278427E-09 , 7.65329596906748E-07 , 300929 
# upper F=1.40533492504679 16046.53
 0 , 0 , 107.086855374331 , 14864.0063674359 , 300929 
 1 , 230.907934929024 , 58.7325751188166 , 8901.54320831517 , 300929 
 2 , 374.564072363489 , 30.8030885788088 , 5505.1515827847 , 300929 
 3 , 422.772487924181 , 21.3067690878004 , 4239.6096455436 , 300929 
 4 , 505.24075623246 , 16.8639817921283 , 3783.72629603358 , 300929 
 5 , 649.204057225346 , 10.4126849254134 , 2779.60643006201 , 300929 
 6 , 772.867871066862 , 6.02694136913283 , 2004.02970013229 , 300929 
 7 , 659.541698921078 , 3.56414032352072 , 1298.55104891679 , 300929 
 8 , 546.449007778827 , 1.61277799274835 , 799.242812009265 , 300929 
 9 , 440.186734660312 , 0.928954801744038 , 571.137448919169 , 300929 
 10 , 401.134759868703 , 0.681324673666039 , 493.913320827711 , 300929 
 11 , 233.289627815008 , 0.289621034955399 , 265.126363166701 , 300929 
 12 , 92.3120480519352 , 5.01056455178942E-02 , 95.7457130198115 , 300929 
 13 , 4.48808478504044 , 1.0605872369597E-03 , 3.78072632549862 , 300929 
 14 , 1.79443568825883 , 2.34128195779754E-04 , 1.00722746871304 , 300929 
 15 , 1.58652960719213 , 1.44669720656965E-04 , 0.780949225548016 , 300929 
 16 , 1.32148701608829 , 3.55824499711777E-05 , 0.493370727584062 , 300929 
 17 , 1.03333139309487 , 6.29198710241918E-06 , 0.193112592048695 , 300929 
 18 , 0.969043952483599 , 2.04860738903245E-06 , 0.125652682941772 , 300929 
 19 , 0.903028663520475 , 7.55116624312491E-07 , 5.60769416154357E-02 , 300929 
 20 , 0.87687869178598 , 1.23004389305069E-07 , 2.83485611633158E-02 , 300929 
 21 , 0.862263172334779 , 6.10217175393612E-08 , 1.26209481870044E-02 , 300929 
 22 , 0.857434379235186 , 5.33425021756878E-08 , 7.38937699546284E-03 , 300929 
 23 , 0.853545544471875 , 5.55340368138129E-08 , 3.14016833887257E-03 , 300929 
 24 , 0.851923410641179 , 5.00915645554004E-08 , 1.35251119218833E-03 , 300929 
 25 , 0.851221091675554 , 3.55344987671388E-08 , 5.70339181852022E-04 , 300929 
 26 , 0.850900256187946 , 2.92890785689864E-08 , 2.07237496488963E-04 , 300929 
 27 , 0.85081006490714 , 1.87181227047251E-08 , 1.04386775466577E-04 , 300929 
 28 , 0.850753468191562 , 1.57005399306632E-08 , 3.93519225523706E-05 , 300929 
 29 , 0.850738199974289 , 1.42535534037434E-08 , 2.16790908219828E-05 , 300929 
 30 , 0.850726734619355 , 1.65950579899055E-08 , 8.38942043786162E-06 , 300929 
 31 , 0.850723227078346 , 1.78898257877996E-08 , 4.27761496331159E-06 , 300929 
 32 , 0.850721523322118 , 1.42687035046391E-08 , 2.27306022866729E-06 , 300929 
 33 , 0.850720617531437 , 9.2415169142403E-09 , 1.20841318442637E-06 , 300929 
 34 , 0.850720121891116 , 5.94105472975525E-09 , 6.28249247967705E-07 , 300929 
# upper F=1.31729779297491 16063.02
 0 , 0 , 100.738102335139 , 14864.0063674359 , 300929 
 1 , 221.742963040032 , 54.8014597710698 , 8862.25765529164 , 300929 
 2 , 348.826115610091 , 29.8866779459016 , 5699.2813681601 , 300929 
 3 , 384.404591301706 , 20.5484359901278 , 4361.81534861267 , 300929 
 4 , 448.69029759313 , 15.6136196342283 , 3752.22385585291 , 300929 
 5 , 572.09039314586 , 10.0647602850883 , 2863.79192578832 , 300929 
 6 , 674.684947986462 , 5.98004886846506 , 2015.15067402644 , 300929 
 7 , 606.349149343468 , 2.84987388967243 , 1167.15284532834 , 300929 
 8 , 492.303082752926 , 1.57888638543862 , 766.464894663424 , 300929 
 9 , 372.491179477432 , 0.739642348281366 , 485.409823078096 , 300929 
 10 , 284.346465765449 , 0.377700739189013 , 336.7267783769 , 300929 
 11 , 147.090641489381 , 0.127940217032564 , 160.668080866307 , 300929 
 12 , 12.7622465255936 , 3.29338242739649E-03 , 12.1193469321858 , 300929 
 13 , 2.97345146514527 , 5.53629019385687E-04 , 2.09767275322752 , 300929 
 14 , 2.10521604840955 , 2.19302551973333E-04 , 1.17773193451994 , 300929 
 15 , 1.63524742865083 , 6.07467910515302E-05 , 0.676646239438872 , 300929 
 16 , 1.26951846128743 , 1.14278203888207E-05 , 0.294229135861136 , 300929 
 17 , 1.10974654557284 , 3.34909120486282E-06 , 0.127031146300155 , 300929 
 18 , 1.05683468497245 , 1.06032339702855E-06 , 0.071110427569803 , 300929 
 19 , 1.03195413308958 , 3.06510905184743E-07 , 4.47584562034628E-02 , 300929 
 20 , 1.00882145143711 , 9.8802824227493E-08 , 0.020003199571373 , 300929 
 21 , 0.999545623996928 , 7.42032672972894E-08 , 9.98404483707028E-03 , 300929 
 22 , 0.993865997531871 , 7.44730684160711E-08 , 3.78273243500122E-03 , 300929 
 23 , 0.992661483621717 , 6.3303940929482E-08 , 2.45422419301715E-03 , 300929 
 24 , 0.991181870517836 , 5.34195580225465E-08 , 8.13232051827401E-04 , 300929 
 25 , 0.990956472484506 , 4.13648025624363E-08 , 5.59124217221137E-04 , 300929 
 26 , 0.990723213755221 , 2.76286541396376E-08 , 2.96082628584604E-04 , 300929 
 27 , 0.990592376887496 , 2.11984241423651E-08 , 1.47365497929812E-04 , 300929 
 28 , 0.99050787856088 , 1.58690637553996E-08 , 5.08182116716934E-05 , 300929 
 29 , 0.990490837319205 , 1.29939577732148E-08 , 3.11142830710631E-05 , 300929 
 30 , 0.990481427200286 , 1.43163665370419E-08 , 2.03080998369678E-05 , 300929 
 31 , 0.990472257474315 , 1.33664589119559E-08 , 9.65613571267595E-06 , 300929 
 32 , 0.990468201471725 , 1.49717151471576E-08 , 4.93307831951936E-06 , 300929 
 33 , 0.990466194748867 , 1.46974495135176E-08 , 2.59801738833212E-06 , 300929 
 34 , 0.990465163022465 , 1.18813994269512E-08 , 1.39516318495534E-06 , 300929 
 35 , 0.990464612606147 , 7.95660073529464E-09 , 7.5252857179501E-07 , 300929 
# upper F=1.31239551401931 16079.91
 0 , 0 , 100.385887465643 , 14864.0063674359 , 300929 
 1 , 221.253209161089 , 54.5787616081582 , 8859.20679641468 , 300929 
 2 , 347.439828425618 , 29.829479993884 , 5709.60679918884 , 300929 
 3 , 382.342199036486 , 20.4882510520775 , 4365.30489047643 , 300929 
 4 , 445.65388821317 , 15.5154967127533 , 3744.17192478519 , 300929 
 5 , 567.001451398463 , 10.0286360148342 , 2862.05537928998 , 300929 
 6 , 666.865733382373 , 5.9511806267625 , 2005.24446110239 , 300929 
 7 , 604.184352005487 , 2.87467342287184 , 1174.43925325511 , 300929 
 8 , 490.022024518077 , 1.5841077799426 , 767.026587264532 , 300929 
 9 , 371.841063723624 , 0.745205409880762 , 486.567255987927 , 300929 
 10 , 283.325811141369 , 0.376156463765234 , 335.907303503172 , 300929 
 11 , 148.663931497702 , 0.128908735866855 , 162.529898596839 , 300929 
 12 , 12.9208434758235 , 3.41460157461318E-03 , 12.2826782474244 , 300929 
 13 , 2.99853795477952 , 5.71618364810539E-04 , 2.11633154927414 , 300929 
 14 , 2.11634676398645 , 2.24292941595677E-04 , 1.18075337220991 , 300929 
 15 , 1.64270791227386 , 6.18753809266404E-05 , 0.675339623331478 , 300929 
 16 , 1.28008898653178 , 1.20421024063233E-05 , 0.295972655607088 , 300929 
 17 , 1.12065774908521 , 3.66115915523268E-06 , 0.129079916901978 , 300929 
 18 , 1.06522314454753 , 1.11923737280972E-06 , 7.04902545103086E-02 , 300929 
 19 , 1.04014626375463 , 3.3037177882278E-07 , 4.39126339344205E-02 , 300929 
 20 , 1.0174527847782 , 9.76327196521725E-08 , 1.96182670958268E-02 , 300929 
 21 , 1.00811081268907 , 7.58983242082214E-08 , 9.5211327350884E-03 , 300929 
 22 , 1.00279166809954 , 7.48819724990123E-08 , 3.70881169252453E-03 , 300929 
 23 , 1.00161268115696 , 6.57097660893125E-08 , 2.40771839167707E-03 , 300929 
 24 , 1.00016014312608 , 5.45715743454319E-08 , 7.96318046420179E-04 , 300929 
 25 , 0.999952523225312 , 4.31222338378439E-08 , 5.62205943229946E-04 , 300929 
 26 , 0.999727059084633 , 2.96222272131718E-08 , 3.07894763182949E-04 , 300929 
 27 , 0.999598102322827 , 2.20236165523525E-08 , 1.61480321310706E-04 , 300929 
 28 , 0.999502952939976 , 1.5518976847666E-08 , 5.29085190977649E-05 , 300929 
 29 , 0.999492768615475 , 1.28173694533915E-08 , 4.11064880830811E-05 , 300929 
 30 , 0.999488602927551 , 1.30765999839376E-08 , 3.63779589551676E-05 , 300929 
 31 , 0.999473064245375 , 1.54853382751786E-08 , 1.83386231486401E-05 , 300929 
 32 , 0.999467597572675 , 1.07399958610886E-08 , 1.20475055769233E-05 , 300929 
 33 , 0.999460657622986 , 1.4933946609507E-08 , 3.96258643172038E-06 , 300929 
 34 , 0.999458969364689 , 1.21433075150693E-08 , 1.99512581740693E-06 , 300929 
 35 , 0.999458166477559 , 8.26427275159576E-09 , 1.06115163600379E-06 , 300929 
 36 , 0.999457743430132 , 5.47754226391035E-09 , 5.67880886583599E-07 , 300929 
# upper F=1.30747108402302 16097.4
 0 , 0 , 100.032229557217 , 14864.0063674359 , 300929 
 1 , 220.763579423542 , 54.354634458179 , 8856.04013331273 , 300929 
 2 , 346.052273930432 , 29.7713425597071 , 5719.91702514148 , 300929 
 3 , 380.276513835403 , 20.4259792348274 , 4368.43950581497 , 300929 
 4 , 442.384425534721 , 15.4317494791063 , 3737.90395929864 , 300929 
 5 , 561.650181477212 , 10.0093092576542 , 2864.18032759928 , 300929 
 6 , 658.783723748119 , 5.92634749968239 , 1995.90448841541 , 300929 
 7 , 601.366215051708 , 2.89385477974756 , 1179.74230014559 , 300929 
 8 , 487.904699401754 , 1.58912302751845 , 767.805784079054 , 300929 
 9 , 371.095886749077 , 0.748979747281335 , 487.370506665672 , 300929 
 10 , 282.18370900218 , 0.370842944788185 , 334.438446135288 , 300929 
 11 , 154.080454728534 , 0.124432130864686 , 167.71412897632 , 300929 
 12 , 12.9050646691247 , 3.21583873989953E-03 , 12.244613343174 , 300929 
 13 , 3.01494726539811 , 5.41159241203154E-04 , 2.12184461390286 , 300929 
 14 , 2.12556732782437 , 2.11036213413229E-04 , 1.17999266311544 , 300929 
 15 , 1.64769539294599 , 5.75590532576054E-05 , 0.670781570514189 , 300929 
 16 , 1.28975257945523 , 1.1668832491929E-05 , 0.296489594690408 , 300929 
 17 , 1.12980504864214 , 3.59504272248734E-06 , 0.129056431256598 , 300929 
 18 , 1.07433988512764 , 1.0873322238425E-06 , 7.04322624492459E-02 , 300929 
 19 , 1.04905611512044 , 3.19439763446505E-07 , 4.36310493521987E-02 , 300929 
 20 , 1.02640464584084 , 9.55684857419843E-08 , 1.93754469682177E-02 , 300929 
 21 , 1.01712834120138 , 7.67856895431704E-08 , 9.34405886557312E-03 , 300929 
 22 , 1.01202249362028 , 7.5421294484285E-08 , 3.76205656820232E-03 , 300929 
 23 , 1.01061139112621 , 6.6747279962085E-08 , 2.2039398278031E-03 , 300929 
 24 , 1.0093069406029 , 5.41416937342461E-08 , 7.55663344657532E-04 , 300929 
 25 , 1.00911103345959 , 4.2653478556394E-08 , 5.3469665909882E-04 , 300929 
 26 , 1.00888222519958 , 2.82358881117611E-08 , 2.76540183460574E-04 , 300929 
 27 , 1.00876622754633 , 2.11954051568125E-08 , 1.44679328885925E-04 , 300929 
 28 , 1.00868723855341 , 1.54281092341645E-08 , 5.44756682046263E-05 , 300929 
 29 , 1.00866035456577 , 1.5056418947801E-08 , 2.34608684572682E-05 , 300929 
 30 , 1.00865238054933 , 1.72796878745556E-08 , 1.42359947794642E-05 , 300929 
 31 , 1.00865005178299 , 1.34393875258146E-08 , 1.1569200290694E-05 , 300929 
 32 , 1.00864349454881 , 1.67188698681628E-08 , 3.94693395516744E-06 , 300929 
 33 , 1.0086422039112 , 1.31335296647336E-08 , 2.44882477087906E-06 , 300929 
 34 , 1.00864217718462 , 1.01990420437835E-08 , 2.41556051069797E-06 , 300929 
 35 , 1.00864120214463 , 8.32024251498726E-09 , 1.28420740023754E-06 , 300929 
 36 , 1.00864067316306 , 5.84280116863715E-09 , 6.70442157597004E-07 , 300929 
# lower F=0.665713159554604 16115.2
# compile arrays 16121.53
# ordering 21139 16127.67
# ordering 0/21139 16133.55
# ordering 8192/21139 16141.25
# ordering 16384/21139 16147.82
# ordering complete 16156.72
# symbolic factorization 16157
# symbolic complete 445000 16157.13
 0 , 0 , 1.46068019949375 , 3840 , 445000 
# Schur factor 16157.25
# Schur mapping 6656 16157.45
# Schur mapping 7680 16157.69
# Schur mapping 9216 16158.01
# Schur mapping 11776 16158.27
# Schur mapping 14848 16158.51
# ordering 0/9619 16158.76
# ordering 8192/9619 16160.36
# Schur mapping 0 16161.28
 1 , 3.26426579673014E-02 , 0.631488373292119 , 4934.98717001893 , 445000 
# Schur factor 16162.71
 2 , 6.71759516677418E-02 , 7.25123827225165E-02 , 1051.67135237722 , 445000 
# Schur factor 16163.96
 3 , 7.19992965522409E-02 , 1.6694129555419E-03 , 25.3855810000385 , 445000 
# Schur factor 16165.2
 4 , 6.45558542085002E-02 , 2.53772018058651E-04 , 3.80446966362496 , 445000 
# Schur factor 16165.83
 5 ,-2.51406155674118E-02 , 1.86680699981068E-04 , 2.97613254134031 , 445000 
# Schur factor 16166.45
 6 ,-0.276481958515822 , 7.54775412961095E-05 , 1.16495489058848 , 445000 
# Schur factor 16167.08
 7 ,-1.30176748941859 , 4.59957931830957E-05 , 1.09285138063135 , 445000 
# Schur factor 16167.7
 8 ,-3.16257480483284 , 5.36943727577867E-05 , 0.898548296155633 , 445000 
# Schur factor 16168.35
 9 ,-5.1364285583572 , 5.36729030427878E-05 , 0.474441296499444 , 445000 
# Schur factor 16168.97
 10 ,-6.32433238529367 , 5.24864156289086E-05 , 0.360364521135208 , 445000 
# Schur factor 16169.62
 11 ,-6.89975235716383 , 5.17625157202824E-05 , 0.338129554376192 , 445000 
# Schur factor 16170.25
 12 ,-7.30882167184863 , 5.10609934124949E-05 , 0.331475858815923 , 445000 
# Schur factor 16170.86
 13 ,-7.44163738554839 , 5.01524516083937E-05 , 0.33601012884298 , 445000 
# Schur factor 16171.48
 14 ,-7.48501191385424 , 4.75192282257478E-05 , 0.351573439204072 , 445000 
# Schur factor 16172.12
 15 ,-7.38722196370176 , 3.65022685820784E-05 , 0.429390296843389 , 445000 
# Schur factor 16172.76
 16 ,-7.52570262571688 , 1.66614911218174E-05 , 0.417443387122214 , 445000 
# Schur factor 16173.39
 17 ,-7.76432659349413 , 5.34029723531104E-06 , 0.141226578324965 , 445000 
# Schur factor 16174.01
 18 ,-7.78358292178962 , 1.34951240647412E-06 , 2.93307604131153E-02 , 445000 
# Schur factor 16174.63
 19 ,-7.78667996392079 , 4.95545270614114E-07 , 9.02142661111456E-03 , 445000 
# Schur factor 16175.26
 20 ,-7.78719858453674 , 2.42337253702371E-07 , 3.44062902916148E-03 , 445000 
# Schur factor 16175.9
 21 ,-7.78739987987375 , 2.15385038242927E-07 , 1.16335689270098E-03 , 445000 
# Schur factor 16176.52
 22 ,-7.78746328388515 , 2.5205598963614E-07 , 2.98237479564636E-04 , 445000 
# Schur factor 16177.14
 23 ,-7.78746935289073 , 2.54431580138742E-07 , 1.5207483485241E-04 , 445000 
# Schur factor 16177.76
 24 ,-7.78747496799158 , 2.5115271166678E-07 , 2.66819956432502E-05 , 445000 
# Schur factor 16178.34
 25 ,-7.78747596326649 , 2.44929093721149E-07 , 1.37346619297154E-05 , 445000 
# Schur factor 16178.96
 26 ,-7.78747668666105 , 2.40592616484701E-07 , 7.08323702949624E-06 , 445000 
# Schur factor 16179.59
 27 ,-7.78747729733127 , 2.3511251253261E-07 , 3.65325757315051E-06 , 445000 
# lower cache store 0 16180.3
# lower cache store 256 16180.32
# lower cache store 512 16180.35
# lower cache store 768 16180.37
# lower cache store 1024 16180.4
# lower cache store 1280 16180.42
# lower cache store 1536 16180.44
# lower cache store 1792 16180.47
# lower cache store 2048 16180.49
# lower cache store 2304 16180.52
# lower cache store 2560 16180.54
# lower cache store 2816 16180.57
# lower cache store 3072 16180.59
# lower cache store 3328 16180.61
# lower cache store 3584 16180.64
# lower F=0.813649417233405 16180.74
 0 , 0 , 1.1326516534889 , 3840 , 445000 
# Schur factor 16180.94
 1 , 3.56776798089944E-02 , 0.377383829909611 , 3918.8149756771 , 445000 
# Schur factor 16182.16
 2 , 6.19905110078534E-02 , 2.05087398376951E-02 , 366.535384030861 , 445000 
# Schur factor 16183.38
 3 , 6.30725983387734E-02 , 5.56674219434061E-04 , 9.9628711188482 , 445000 
# Schur factor 16184.57
 4 , 4.19437638281175E-02 , 1.76324422506369E-04 , 3.16100618898193 , 445000 
# Schur factor 16185.21
 5 ,-9.49614438866753E-02 , 1.05354461402474E-04 , 2.02543754509802 , 445000 
# Schur factor 16185.84
 6 ,-0.491943028608242 , 4.84730104801656E-05 , 0.940479774637783 , 445000 
# Schur factor 16186.45
 7 ,-2.03381479222989 , 4.75755710460617E-05 , 1.0427650549277 , 445000 
# Schur factor 16187.12
 8 ,-2.95011295779652 , 4.79171163309032E-05 , 0.922574590375333 , 445000 
# Schur factor 16187.76
 9 ,-3.16721762317151 , 4.54473143397727E-05 , 0.943229551514749 , 445000 
# Schur factor 16188.34
 10 ,-3.20662633634196 , 3.286209109938E-05 , 1.01920420583794 , 445000 
# Schur factor 16188.98
 11 ,-3.30582876270024 , 1.8294160471991E-05 , 0.759771372403237 , 445000 
# Schur factor 16189.59
 12 ,-3.42476914943028 , 7.75812068783274E-06 , 0.278528987725691 , 445000 
# Schur factor 16190.21
 13 ,-3.46749441463246 , 2.06289071140713E-06 , 7.62120079106949E-02 , 445000 
# Schur factor 16190.82
 14 ,-3.47347711626652 , 9.51889760886696E-07 , 3.96164231888642E-02 , 445000 
# Schur factor 16191.45
 15 ,-3.47545638221857 , 4.10431496887967E-07 , 0.012949377498551 , 445000 
# Schur factor 16192.04
 16 ,-3.47599005572487 , 2.58158396523476E-07 , 3.91952745135843E-03 , 445000 
# Schur factor 16192.64
 17 ,-3.47609652350404 , 2.83102609026512E-07 , 1.84132054846101E-03 , 445000 
# Schur factor 16193.24
 18 ,-3.4761620030595 , 2.6392576927276E-07 , 5.92720660524146E-04 , 445000 
# Schur factor 16193.87
 19 ,-3.47618116331217 , 2.44891896083486E-07 , 1.23608339130582E-04 , 445000 
# Schur factor 16194.48
 20 ,-3.47618324517277 , 1.89180070812794E-07 , 7.55276443648132E-05 , 445000 
# Schur factor 16195.09
 21 ,-3.47618498646649 , 8.01839365522535E-08 , 3.42556250144947E-05 , 445000 
# Schur factor 16195.73
 22 ,-3.47618601433237 , 7.66653921869813E-08 , 7.7786983522392E-06 , 445000 
# Schur factor 16196.35
 23 ,-3.4761862123847 , 7.39683193527859E-08 , 3.98899871463217E-06 , 445000 
# Schur factor 16196.98
 24 ,-3.47618634306841 , 7.55628841239346E-08 , 2.07026265885541E-06 , 445000 
# lower F=1.62729883446681 16197.7
 0 , 0 , 1 , 3840 , 445000 
# Schur factor 16197.81
 1 , 1.53269946387477E-02 , 2.70428379589688E-02 , 224.798957919917 , 445000 
# Schur factor 16199.1
 2 , 1.53552177037985E-02 , 6.3879352619854E-04 , 5.25184088438386 , 445000 
# Schur factor 16200.52
 3 ,-1.41717660424622E-03 , 1.01527859477835E-04 , 0.785255521238042 , 445000 
# Schur factor 16201.15
 4 ,-0.214963006758562 , 4.90225601282921E-05 , 0.423392863733534 , 445000 
# Schur factor 16201.77
 5 ,-0.408610836889713 , 3.79097025259037E-05 , 0.395439970875651 , 445000 
# Schur factor 16202.38
 6 ,-0.489350128852702 , 2.6491918561732E-05 , 0.390483376467928 , 445000 
# Schur factor 16202.99
 7 ,-0.53890091695191 , 1.10441111572306E-05 , 0.28707514988962 , 445000 
# Schur factor 16203.63
 8 ,-0.570280073881114 , 2.27357477094116E-06 , 8.02827071183676E-02 , 445000 
# Schur factor 16204.26
 9 ,-0.572383962702368 , 1.03709223061389E-06 , 0.050957005987 , 445000 
# Schur factor 16204.88
 10 ,-0.574990031699132 , 4.66752723875317E-07 , 2.20895365505785E-02 , 445000 
# Schur factor 16205.53
 11 ,-0.575930626764416 , 2.69933579495622E-07 , 1.16363536976736E-02 , 445000 
# Schur factor 16206.16
 12 ,-0.576563364113939 , 1.91922865459993E-07 , 4.34401007620968E-03 , 445000 
# Schur factor 16206.78
 13 ,-0.57665612541637 , 1.62475948523862E-07 , 3.25268550046938E-03 , 445000 
# Schur factor 16207.42
 14 ,-0.576836214183364 , 1.9797311258071E-07 , 1.12136324318294E-03 , 445000 
# Schur factor 16208.08
 15 ,-0.576893522711393 , 1.63439469217384E-07 , 4.8217344955944E-04 , 445000 
# Schur factor 16208.72
 16 ,-0.576910193316727 , 1.21112295548749E-07 , 2.76344556697226E-04 , 445000 
# Schur factor 16209.36
 17 ,-0.576925487212708 , 1.10664231377059E-07 , 9.00955349752771E-05 , 445000 
# Schur factor 16209.99
 18 ,-0.576929655432864 , 8.95828408218612E-08 , 3.94761331434328E-05 , 445000 
# Schur factor 16210.63
 19 ,-0.576931722665062 , 6.57610861651272E-08 , 1.40960370384338E-05 , 445000 
# Schur factor 16211.25
 20 ,-0.576932303260432 , 5.19486570653247E-08 , 7.20326636794593E-06 , 445000 
# Schur factor 16211.86
 21 ,-0.576932609539651 , 4.8898981136599E-08 , 3.72628937063669E-06 , 445000 
# Schur factor 16212.49
 22 ,-0.576932776243698 , 4.62266577620916E-08 , 1.93366875916142E-06 , 445000 
# Schur factor 16213.1
 23 ,-0.576932872066833 , 4.49986027522954E-08 , 1.02163179058894E-06 , 445000 
# Schur factor 16213.73
 24 ,-0.576932929617532 , 5.45342397323832E-08 , 6.84178561324518E-07 , 445000 
# lower F=1.3160554950455 16214.48
 0 , 0 , 1 , 3840 , 445000 
# Schur factor 16214.59
 1 , 2.92821316283037E-02 , 7.53215294717532E-02 , 946.28775625524 , 445000 
# Schur factor 16215.88
 2 , 3.20590847113684E-02 , 1.58823838412787E-03 , 20.6410226355073 , 445000 
# Schur factor 16217.1
 3 , 2.56650654882945E-02 , 1.43565814831368E-04 , 1.79404328407043 , 445000 
# Schur factor 16217.72
 4 ,-8.96606973017628E-02 , 7.57348613614095E-05 , 1.03230074672177 , 445000 
# Schur factor 16218.34
 5 ,-0.470724884326039 , 3.79595443149599E-05 , 0.585169591814916 , 445000 
# Schur factor 16218.96
 6 ,-0.692924377871761 , 2.90128964493872E-05 , 0.534658934667083 , 445000 
# Schur factor 16219.58
 7 ,-0.787126317763319 , 2.006231562561E-05 , 0.515514083291443 , 445000 
# Schur factor 16220.19
 8 ,-0.849231532135754 , 8.93892141651294E-06 , 0.3902541214404 , 445000 
# Schur factor 16220.8
 9 ,-0.889666372876476 , 3.16329855015832E-06 , 0.153060997632981 , 445000 
# Schur factor 16221.43
 10 ,-0.898047410177479 , 1.34484790176411E-06 , 7.68031105981764E-02 , 445000 
# Schur factor 16222.05
 11 ,-0.90187622205602 , 8.04973575777868E-07 , 0.03995814033734 , 445000 
# Schur factor 16222.67
 12 ,-0.903987289789398 , 3.41710904202132E-07 , 1.63600488561569E-02 , 445000 
# Schur factor 16223.31
 13 ,-0.904747182878211 , 2.36983526438345E-07 , 7.19028965357894E-03 , 445000 
# Schur factor 16223.95
 14 ,-0.905193534786378 , 1.81675795209959E-07 , 1.81137622650725E-03 , 445000 
# Schur factor 16224.58
 15 ,-0.905261321033242 , 1.35740450782903E-07 , 9.53246879594719E-04 , 445000 
# Schur factor 16225.21
 16 ,-0.905303886870343 , 9.63634414307789E-08 , 3.818026494173E-04 , 445000 
# Schur factor 16225.84
 17 ,-0.905320002984826 , 7.24336209083376E-08 , 1.61890179875236E-04 , 445000 
# Schur factor 16226.44
 18 ,-0.905328759669604 , 7.93484494110742E-08 , 3.80698408931985E-05 , 445000 
# Schur factor 16227.09
 19 ,-0.905330181050074 , 5.62339709991002E-08 , 1.94109882320427E-05 , 445000 
# Schur factor 16227.71
 20 ,-0.905330897868328 , 4.09600414277872E-08 , 9.91423770434448E-06 , 445000 
# Schur factor 16228.35
 21 ,-0.90533126915068 , 3.68798125193698E-08 , 5.09566409461974E-06 , 445000 
# Schur factor 16228.99
 22 ,-0.905331465313356 , 3.27400611605454E-08 , 2.63832039878677E-06 , 445000 
# Schur factor 16229.63
 23 ,-0.905331569645745 , 2.78371565171947E-08 , 1.38949684335005E-06 , 445000 
# Schur factor 16230.25
 24 ,-0.905331630776629 , 2.54731492930858E-08 , 7.23019575627144E-07 , 445000 
# lower F=1.27009556233639 16230.97
 0 , 0 , 1 , 3840 , 445000 
# Schur factor 16231.09
 1 , 3.09357618928862E-02 , 8.86532528210326E-02 , 1127.32584775442 , 445000 
# Schur factor 16232.34
 2 , 3.46233275905944E-02 , 1.86010464923054E-03 , 24.8868532341048 , 445000 
# Schur factor 16233.51
 3 , 0.029206360393671 , 1.5232719943072E-04 , 1.96236897515159 , 445000 
# Schur factor 16234.14
 4 ,-7.79939786281066E-02 , 8.02057054620604E-05 , 1.12032949499202 , 445000 
# Schur factor 16234.75
 5 ,-0.439426357629175 , 4.01555871778983E-05 , 0.622768653662853 , 445000 
# Schur factor 16235.37
 6 ,-0.720249877093349 , 3.07460036694509E-05 , 0.578858771449035 , 445000 
# Schur factor 16235.96
 7 ,-0.837663267756164 , 2.26677193920115E-05 , 0.578062372347684 , 445000 
# Schur factor 16236.59
 8 ,-0.90004742524637 , 1.28760431035813E-05 , 0.496498833318834 , 445000 
# Schur factor 16237.17
 9 ,-0.959614311621217 , 4.73001993471004E-06 , 0.216300736005427 , 445000 
# Schur factor 16237.81
 10 ,-0.974931002732862 , 1.49806802419765E-06 , 9.25647960254095E-02 , 445000 
# Schur factor 16238.42
 11 ,-0.980544225061001 , 6.29106817518375E-07 , 3.37998925174244E-02 , 445000 
# Schur factor 16239.01
 12 ,-0.981987163567306 , 3.91699928929582E-07 , 1.64649529357897E-02 , 445000 
# Schur factor 16239.59
 13 ,-0.982827800009066 , 2.69269558578034E-07 , 6.3536614166166E-03 , 445000 
# Schur factor 16240.21
 14 ,-0.983149874139649 , 2.45266662171071E-07 , 2.3303285057719E-03 , 445000 
# Schur factor 16240.85
 15 ,-0.983256441967097 , 2.10783996319655E-07 , 9.6698845072245E-04 , 445000 
# Schur factor 16241.5
 16 ,-0.983294773115605 , 1.03204659741874E-07 , 4.59418080031909E-04 , 445000 
# Schur factor 16242.14
 17 ,-0.983320161905441 , 1.02994192526173E-07 , 1.08455115994739E-04 , 445000 
# Schur factor 16242.78
 18 ,-0.983324300872536 , 9.40744955165432E-08 , 5.38001996831338E-05 , 445000 
# Schur factor 16243.41
 19 ,-0.983326879345916 , 7.31052951450709E-08 , 1.88530594166201E-05 , 445000 
# Schur factor 16244.02
 20 ,-0.983327333514206 , 5.65888852086592E-08 , 1.28534683948148E-05 , 445000 
# Schur factor 16244.62
 21 ,-0.983327808834792 , 4.37690894667815E-08 , 6.63339641551576E-06 , 445000 
# Schur factor 16245.23
 22 ,-0.983328062800755 , 4.10387206234941E-08 , 3.45101214071384E-06 , 445000 
# Schur factor 16245.85
 23 ,-0.983328201258082 , 4.55980424444269E-08 , 1.86322728765311E-06 , 445000 
# Schur factor 16246.43
 24 ,-0.983328286380151 , 4.67365836629194E-08 , 9.6647246573666E-07 , 445000 
# lower F=1.26258703833297 16247.15
 0 , 0 , 1 , 3840 , 445000 
# Schur factor 16247.26
 1 , 3.11913364369811E-02 , 9.10107710088395E-02 , 1158.93685037548 , 445000 
# Schur factor 16248.55
 2 , 3.50469530265419E-02 , 1.90886005286162E-03 , 25.6604544768925 , 445000 
# Schur factor 16249.8
 3 , 0.029777733880464 , 1.5379093153981E-04 , 1.99113175569003 , 445000 
# Schur factor 16250.42
 4 ,-7.61837453656615E-02 , 8.09165071135408E-05 , 1.13481155302813 , 445000 
# Schur factor 16251.04
 5 ,-0.434306776852202 , 4.05327241962422E-05 , 0.629596745193991 , 445000 
# Schur factor 16251.66
 6 ,-0.726766973936019 , 3.0960352133383E-05 , 0.586028763547733 , 445000 
# Schur factor 16252.29
 7 ,-0.847595551595165 , 2.2980251193709E-05 , 0.587368119778915 , 445000 
# Schur factor 16252.92
 8 ,-0.910643680735491 , 1.32781837272612E-05 , 0.50955932519971 , 445000 
# Schur factor 16253.55
 9 ,-0.972102832532577 , 4.97266761181075E-06 , 0.226072901994246 , 445000 
# Schur factor 16254.18
 10 ,-0.988520707128653 , 1.55714687870983E-06 , 9.73374127658697E-02 , 445000 
# Schur factor 16254.77
 11 ,-0.994286466646221 , 6.52599366785544E-07 , 3.65652575158882E-02 , 445000 
# Schur factor 16255.38
 12 ,-0.995709813445095 , 4.24708906390878E-07 , 1.97011488052159E-02 , 445000 
# Schur factor 16256
 13 ,-0.996748561761894 , 2.88568098865367E-07 , 7.20206879646432E-03 , 445000 
# Schur factor 16256.61
 14 ,-0.997100084944558 , 2.50428103782486E-07 , 2.83202548252487E-03 , 445000 
# Schur factor 16257.26
 15 ,-0.997247178059409 , 2.22238055542463E-07 , 9.56910181743407E-04 , 445000 
# Schur factor 16257.88
 16 ,-0.997271707095992 , 1.24280147143818E-07 , 6.34052270791577E-04 , 445000 
# Schur factor 16258.5
 17 ,-0.997294927538502 , 1.33521940673489E-07 , 3.46367755182489E-04 , 445000 
# Schur factor 16259.11
 18 ,-0.997310940409807 , 7.47316187481218E-08 , 1.21611553427024E-04 , 445000 
# Schur factor 16259.72
 19 ,-0.997317107429769 , 7.83522093442589E-08 , 3.40749985119501E-05 , 445000 
# Schur factor 16260.32
 20 ,-0.9973182990844 , 5.87518703965612E-08 , 1.73870813363841E-05 , 445000 
# Schur factor 16260.93
 21 ,-0.997318809056703 , 4.3817639991159E-08 , 1.02586340966245E-05 , 445000 
# Schur factor 16261.58
 22 ,-0.997319461875939 , 4.21138289112365E-08 , 1.43522248718314E-06 , 445000 
# Schur factor 16262.17
 23 ,-0.997319544110993 , 4.84536229178624E-08 , 7.33706378782039E-07 , 445000 
# lower F=1.25843456542184 16262.9
 0 , 0 , 1 , 3840 , 445000 
# Schur factor 16263.01
 1 , 3.13308312423815E-02 , 0.092336478778291 , 1176.66508427484 , 445000 
# Schur factor 16264.24
 2 , 3.52818493341487E-02 , 1.93632586543635E-03 , 26.098396841106 , 445000 
# Schur factor 16265.54
 3 , 3.00928531712967E-02 , 1.54608953590364E-04 , 2.00729519956852 , 445000 
# Schur factor 16266.17
 4 ,-7.51898571408065E-02 , 8.13067374835847E-05 , 1.14284366702471 , 445000 
# Schur factor 16266.81
 5 ,-0.431417069849661 , 4.07504824103613E-05 , 0.6335961429123 , 445000 
# Schur factor 16267.41
 6 ,-0.73058878944476 , 3.10756676261989E-05 , 0.590091008421161 , 445000 
# Schur factor 16268.04
 7 ,-0.853276612837244 , 2.31466088160863E-05 , 0.592544632321995 , 445000 
# Schur factor 16268.68
 8 ,-0.91669600327675 , 1.3490956176241E-05 , 0.516678378047037 , 445000 
# Schur factor 16269.29
 9 ,-0.979156893932305 , 5.10555550574941E-06 , 0.231442226765299 , 445000 
# Schur factor 16269.92
 10 ,-0.996196722221928 , 1.5882627239078E-06 , 0.100008420917891 , 445000 
# Schur factor 16270.54
 11 ,-1.00220398910373 , 6.46075465155776E-07 , 3.64703311636637E-02 , 445000 
# Schur factor 16271.19
 12 ,-1.00351950143654 , 4.32954539368584E-07 , 2.08316181754348E-02 , 445000 
# Schur factor 16271.84
 13 ,-1.00463457570415 , 2.9762822808598E-07 , 7.33719291627549E-03 , 445000 
# Schur factor 16272.43
 14 ,-1.00499310757514 , 2.36389427330189E-07 , 2.8596476837678E-03 , 445000 
# Schur factor 16273.08
 15 ,-1.00514707380166 , 2.11391433311213E-07 , 8.81057147060365E-04 , 445000 
# Schur factor 16273.71
 16 ,-1.00517156404694 , 1.39460142704065E-07 , 5.59571712915814E-04 , 445000 
# Schur factor 16274.33
 17 ,-1.00519316069675 , 1.06705623829082E-07 , 2.82690042239204E-04 , 445000 
# Schur factor 16274.94
 18 ,-1.0052080889148 , 1.11842337845714E-07 , 8.60384125029055E-05 , 445000 
# Schur factor 16275.58
 19 ,-1.00521102787347 , 9.80031934327639E-08 , 4.78703591595934E-05 , 445000 
# Schur factor 16276.19
 20 ,-1.00521231121869 , 7.29416271208485E-08 , 3.14653672321984E-05 , 445000 
# Schur factor 16276.8
 21 ,-1.00521337596662 , 5.18137546758326E-08 , 1.69241426176495E-05 , 445000 
# Schur factor 16277.46
 22 ,-1.00521393655118 , 3.74268597445993E-08 , 9.09570380098482E-06 , 445000 
# Schur factor 16278.1
 23 ,-1.00521425775816 , 4.0374099203167E-08 , 4.67789570062864E-06 , 445000 
# Schur factor 16278.68
 24 ,-1.00521455932603 , 4.39624660613352E-08 , 7.02409076545205E-07 , 445000 
# upper F=1.18115596261738 16280.19
# upper elements 0/999 16280.22
# upper elements 256/999 16280.33
# upper elements 512/999 16280.45
# upper elements 768/999 16280.58
# upper edges 0/1538 16280.7
# upper edges 512/1538 16281.99
# upper edges 1024/1538 16283.85
# upper edges 1536/1538 16285.71
# compile arrays 16285.8
# ordering 12193 16289.49
# ordering 0/12193 16292.99
# ordering 8192/12193 16307.9
# ordering complete 16311.83
# symbolic factorization 16312.2
# symbolic complete 512940 16312.33
 0 , 0 , 241.45091956554 , 23452.3276826926 , 512940 
 1 , 240.883793330363 , 146.511861449972 , 15509.0986136807 , 512940 
 2 , 406.212599405037 , 92.471063907597 , 11340.0442048411 , 512940 
 3 , 490.705103587515 , 57.5546119744922 , 8211.35389454824 , 512940 
 4 , 537.533445483521 , 41.5181160735491 , 6677.86592252617 , 512940 
 5 , 597.880690832325 , 31.927869169452 , 5710.97778746256 , 512940 
 6 , 683.499723458774 , 22.3352901959647 , 4472.88147988307 , 512940 
 7 , 803.966145602207 , 13.8382711432553 , 3238.4070242983 , 512940 
 8 , 858.724066648847 , 6.64743612870762 , 2005.55032960094 , 512940 
 9 , 793.935967380176 , 3.81506645937291 , 1421.74834255018 , 512940 
 10 , 726.523636101599 , 2.55200562616114 , 1131.52710441271 , 512940 
 11 , 544.098308984893 , 1.35082700976289 , 730.308231734898 , 512940 
 12 , 429.13582428522 , 0.73595587575377 , 521.907288663871 , 512940 
 13 , 293.088070723179 , 0.357042749804484 , 331.511280217734 , 512940 
 14 , 231.376472619819 , 0.190488390893938 , 249.76587139686 , 512940 
 15 , 64.1631238064178 , 3.58442591544922E-02 , 65.2498145181666 , 512940 
 16 , 4.01150476459649 , 1.14516851610037E-03 , 2.96197061433792 , 512940 
 17 , 2.23548760224091 , 3.62955755352057E-04 , 1.07752282009827 , 512940 
 18 , 1.81239828190504 , 1.27996501329872E-04 , 0.607765805849607 , 512940 
 19 , 1.55758280430266 , 4.43406429532361E-05 , 0.331981008311216 , 512940 
 20 , 1.43599612037716 , 1.29497456189398E-05 , 0.199931755808638 , 512940 
 21 , 1.34629341060559 , 3.3102418129094E-06 , 0.103323501085564 , 512940 
 22 , 1.29857663297464 , 1.24676832893855E-06 , 5.14336094164139E-02 , 512940 
 23 , 1.27854918693398 , 4.02940249027983E-07 , 2.94490433375678E-02 , 512940 
 24 , 1.26174404994914 , 9.07408953254585E-08 , 1.08034040335291E-02 , 512940 
 25 , 1.25715657415382 , 5.9898365763841E-08 , 5.61029636104515E-03 , 512940 
 26 , 1.2553253455777 , 5.01459674367586E-08 , 3.52582635378365E-03 , 512940 
 27 , 1.25353975961903 , 4.48574568633155E-08 , 1.4694212047323E-03 , 512940 
 28 , 1.25302181457245 , 3.54466677872503E-08 , 8.72397253762926E-04 , 512940 
 29 , 1.25264079056938 , 2.76940721778627E-08 , 4.23777390935009E-04 , 512940 
 30 , 1.25259921453348 , 2.39825710561939E-08 , 3.75132809699153E-04 , 512940 
 31 , 1.25241759832481 , 1.78029550073174E-08 , 1.59521815143992E-04 , 512940 
 32 , 1.2523522845703 , 1.28167691093215E-08 , 8.13362117867973E-05 , 512940 
 33 , 1.25232571768729 , 9.27660902516716E-09 , 4.94712803918503E-05 , 512940 
 34 , 1.25230120886979 , 5.94767963849444E-09 , 1.99129119586952E-05 , 512940 
 35 , 1.25229861257088 , 4.75928677391494E-09 , 1.67523337669268E-05 , 512940 
 36 , 1.25229235564876 , 2.97284611177495E-09 , 9.16208251330306E-06 , 512940 
 37 , 1.2522887856142 , 1.95741648747539E-09 , 4.81366962005102E-06 , 512940 
 38 , 1.25228701939799 , 1.61177232409371E-09 , 2.6604885618773E-06 , 512940 
 39 , 1.25228600718175 , 1.27647075297582E-09 , 1.42517971266695E-06 , 512940 
 40 , 1.25228550706379 , 1.13278324180297E-09 , 8.14366781567837E-07 , 512940 
# upper F=1.44363506542124 16347.07
 0 , 0 , 289.615777238958 , 23452.3276826926 , 512940 
 1 , 276.966348036302 , 175.115082640308 , 15341.2149043453 , 512940 
 2 , 495.266886932646 , 99.8086892565982 , 10150.7513468005 , 512940 
 3 , 593.567389999377 , 70.4316206999399 , 8011.29910861737 , 512940 
 4 , 691.133596141762 , 60.7821341909486 , 7623.20558528565 , 512940 
 5 , 832.545507641712 , 46.7224110082131 , 6550.66531148346 , 512940 
 6 , 1034.48092704998 , 30.1798164034358 , 4922.00706995619 , 512940 
 7 , 1197.19027974906 , 15.9328905111966 , 3285.33979723706 , 512940 
 8 , 1165.56718598143 , 10.3665120359012 , 2494.79495041649 , 512940 
 9 , 893.502932735132 , 5.14880986033239 , 1463.15414316296 , 512940 
 10 , 671.679689630871 , 2.26920475973931 , 889.395275789572 , 512940 
 11 , 615.577338585663 , 1.76414090196315 , 780.612331660448 , 512940 
 12 , 472.485374677898 , 1.00009564657868 , 556.28228125036 , 512940 
 13 , 291.29697038898 , 0.444669537814679 , 320.937565937396 , 512940 
 14 , 171.497654238306 , 0.175742084702938 , 180.344718033994 , 512940 
 15 , 65.2762760541233 , 3.38519248320748E-02 , 65.8239489389966 , 512940 
 16 , 3.35927126118539 , 1.11231941481499E-03 , 2.732890122957 , 512940 
 17 , 1.45898598217434 , 2.46261136420026E-04 , 0.746007462844836 , 512940 
 18 , 1.23922248876616 , 1.14063922281984E-04 , 0.500065712373991 , 512940 
 19 , 1.03156514722012 , 3.97545037540831E-05 , 0.276248114801597 , 512940 
 20 , 0.920714340163951 , 1.41700397711941E-05 , 0.156775340766729 , 512940 
 21 , 0.84975738126263 , 3.84579141936292E-06 , 8.01413148684346E-02 , 512940 
 22 , 0.817335948808117 , 1.63002301740989E-06 , 4.49742592489801E-02 , 512940 
 23 , 0.793774393004251 , 3.04857034866268E-07 , 1.92535724278566E-02 , 512940 
 24 , 0.78604892945771 , 1.16890415791104E-07 , 1.06771607486149E-02 , 512940 
 25 , 0.781498416533767 , 2.73322942335279E-08 , 5.60589487327156E-03 , 512940 
 26 , 0.778548671522628 , 3.13616330238639E-08 , 2.26212635822747E-03 , 512940 
 27 , 0.778358612318627 , 2.91572553415586E-08 , 2.04639950485808E-03 , 512940 
 28 , 0.777284453514552 , 3.28648095629765E-08 , 8.09959338155272E-04 , 512940 
 29 , 0.776958041930954 , 2.495879553482E-08 , 4.30935442517021E-04 , 512940 
 30 , 0.776703859667424 , 1.90449666450185E-08 , 1.31976360486591E-04 , 512940 
 31 , 0.776651074187484 , 1.47973689583764E-08 , 6.87089132462566E-05 , 512940 
 32 , 0.776621311773084 , 9.11659844648757E-09 , 3.29757021036094E-05 , 512940 
 33 , 0.776603940341522 , 6.21991439133495E-09 , 1.19301240253586E-05 , 512940 
 34 , 0.776599792612429 , 4.19759722635969E-09 , 6.88036103770414E-06 , 512940 
 35 , 0.776597109406285 , 4.22961172556121E-09 , 3.60368929169437E-06 , 512940 
 36 , 0.776595750709768 , 4.09400128832043E-09 , 1.93414752395186E-06 , 512940 
 37 , 0.776595007164397 , 4.42583829505466E-09 , 1.02077956479318E-06 , 512940 
 38 , 0.776594635960232 , 4.69631110643928E-09 , 5.6502113083978E-07 , 512940 
# upper F=1.2981986322377 16379.36
 0 , 0 , 262.792432457387 , 23452.3276826926 , 512940 
 1 , 256.301339027769 , 159.566682368103 , 15463.4659767718 , 512940 
 2 , 444.462605498513 , 96.3486092533758 , 10833.8911832682 , 512940 
 3 , 540.446163539833 , 62.8172817698897 , 8141.63945605078 , 512940 
 4 , 608.144948688715 , 53.4196611757263 , 7601.65438926621 , 512940 
 5 , 698.419034140577 , 40.4082441585333 , 6380.82626584224 , 512940 
 6 , 837.162191181235 , 27.6017985990577 , 4948.86060398541 , 512940 
 7 , 980.30133876491 , 18.4028507470343 , 3821.80437971558 , 512940 
 8 , 1028.34937023447 , 9.61216195681087 , 2486.83407373134 , 512940 
 9 , 912.987215930133 , 4.39143733910363 , 1532.72493354022 , 512940 
 10 , 758.357062668851 , 2.66669145538638 , 1102.97230750206 , 512940 
 11 , 685.200341473336 , 1.79879115014091 , 911.678102715605 , 512940 
 12 , 468.806279084886 , 0.916341367356198 , 564.917868862677 , 512940 
 13 , 372.606768695061 , 0.481161195305381 , 419.464808011857 , 512940 
 14 , 229.861484404477 , 0.227158507213945 , 247.099333974394 , 512940 
 15 , 99.2418830796318 , 5.26207690168789E-02 , 101.276524292501 , 512940 
 16 , 8.98859141602935 , 3.10758715942919E-03 , 8.23917061544033 , 512940 
 17 , 2.31268989073211 , 5.25884916386915E-04 , 1.44019155225781 , 512940 
 18 , 1.74842025443067 , 2.24690230502964E-04 , 0.819084265289726 , 512940 
 19 , 1.45907443717324 , 7.34824041459803E-05 , 0.504504808735355 , 512940 
 20 , 1.2243239119021 , 2.0215549378047E-05 , 0.254242559208526 , 512940 
 21 , 1.11407031565457 , 7.72471714835521E-06 , 0.136215643229095 , 512940 
 22 , 1.04820888967319 , 2.33464063449651E-06 , 6.52827069399193E-02 , 512940 
 23 , 1.02146114371719 , 6.22466340902128E-07 , 3.61798582046795E-02 , 512940 
 24 , 1.00662192979323 , 1.88135016843116E-07 , 1.98806467547654E-02 , 512940 
 25 , 0.99714092975716 , 3.94931609457986E-08 , 9.36443631528276E-03 , 512940 
 26 , 0.991770053734276 , 4.01430728818616E-08 , 3.31037622140155E-03 , 512940 
 27 , 0.990491483776595 , 4.15809588514098E-08 , 1.84374329967485E-03 , 512940 
 28 , 0.989765822287711 , 3.72855723406502E-08 , 1.0078300220805E-03 , 512940 
 29 , 0.989458356813167 , 2.8894914488395E-08 , 6.53434285206698E-04 , 512940 
 30 , 0.989076773933256 , 2.51861276364243E-08 , 2.07359839214255E-04 , 512940 
 31 , 0.989059251653125 , 2.19249146485272E-08 , 1.86724899729116E-04 , 512940 
 32 , 0.989000785632035 , 1.74691448579961E-08 , 1.17455493607999E-04 , 512940 
 33 , 0.98894530168517 , 1.0574010226907E-08 , 5.14900642454963E-05 , 512940 
 34 , 0.988918314041098 , 6.17266591108394E-09 , 1.90727793696916E-05 , 512940 
 35 , 0.98891390128244 , 4.83367128014171E-09 , 1.37500774204194E-05 , 512940 
 36 , 0.988908846816246 , 3.25175806493166E-09 , 7.648728819826E-06 , 512940 
 37 , 0.988905948611983 , 2.58534999364097E-09 , 4.12323415376581E-06 , 512940 
 38 , 0.988904323292697 , 2.06429262287421E-09 , 2.14405964471444E-06 , 512940 
 39 , 0.988903512388167 , 1.78177841816091E-09 , 1.15755995081276E-06 , 512940 
 40 , 0.988903065676493 , 1.72513251858142E-09 , 6.14411278534467E-07 , 512940 
# upper F=1.29241546586442 16413.52
 0 , 0 , 261.732267756015 , 23452.3276826926 , 512940 
 1 , 255.511945088979 , 158.933509906118 , 15467.0226407631 , 512940 
 2 , 442.510240984849 , 96.1842127142694 , 10860.3764535407 , 512940 
 3 , 538.090235079059 , 62.5448973219296 , 8146.42815335129 , 512940 
 4 , 606.348103647166 , 52.7961266456511 , 7569.75091780392 , 512940 
 5 , 695.011324421468 , 40.2333701296014 , 6396.76024597895 , 512940 
 6 , 829.159089050617 , 27.5013155879582 , 4950.96999328273 , 512940 
 7 , 967.615554149417 , 18.3449401414601 , 3811.96013777126 , 512940 
 8 , 1012.66967978856 , 9.738387758445 , 2494.09574290335 , 512940 
 9 , 890.220273966636 , 4.39209304118932 , 1506.4787428132 , 512940 
 10 , 738.367461707582 , 2.64976762517933 , 1078.45144720436 , 512940 
 11 , 669.954613866188 , 1.85711272146975 , 901.824048321342 , 512940 
 12 , 434.853334665208 , 0.92053322890775 , 527.917710081379 , 512940 
 13 , 352.084773867644 , 0.49371281718333 , 398.848592622864 , 512940 
 14 , 213.551918002175 , 0.231719973867196 , 230.574661594433 , 512940 
 15 , 93.3273269243783 , 0.053892531841992 , 95.3922429066615 , 512940 
 16 , 8.68153432883598 , 3.2578162852485E-03 , 7.92945716247997 , 512940 
 17 , 2.30391506782362 , 5.6404238826735E-04 , 1.42168922537505 , 512940 
 18 , 1.75342724994685 , 2.42801795205111E-04 , 0.814210178496882 , 512940 
 19 , 1.46634841798126 , 7.87957521438537E-05 , 0.501302912871747 , 512940 
 20 , 1.2311044727555 , 2.24192628619363E-05 , 0.250361335166002 , 512940 
 21 , 1.12332813388989 , 8.5233749484992E-06 , 0.134836946591716 , 512940 
 22 , 1.05938673039628 , 2.52473342815529E-06 , 6.59249532427231E-02 , 512940 
 23 , 1.03163971224671 , 5.41504221782119E-07 , 3.57284329040978E-02 , 512940 
 24 , 1.01712645163102 , 1.81252539185883E-07 , 1.97633456098035E-02 , 512940 
 25 , 1.00788432401033 , 4.22083099443915E-08 , 9.50679137196269E-03 , 512940 
 26 , 1.00240181040196 , 4.12213976158838E-08 , 3.33102001038369E-03 , 512940 
 27 , 1.00117077354917 , 4.13468722241789E-08 , 1.91982347788822E-03 , 512940 
 28 , 1.00037046385688 , 3.63834882078491E-08 , 9.98217557335621E-04 , 512940 
 29 , 1.00011013494346 , 2.87366310762134E-08 , 6.98163828198692E-04 , 512940 
 30 , 0.999704029741011 , 2.57130192987366E-08 , 2.23578637688413E-04 , 512940 
 31 , 0.99968345775187 , 2.22714523728323E-08 , 1.99395765381182E-04 , 512940 
 32 , 0.999619948706864 , 1.7857265472471E-08 , 1.24231115795717E-04 , 512940 
 33 , 0.999555803176674 , 1.05773024048744E-08 , 4.80029699340439E-05 , 512940 
 34 , 0.999535286000747 , 6.64331349345769E-09 , 2.335208923636E-05 , 512940 
 35 , 0.999525795853839 , 4.40361819850604E-09 , 1.19137809335599E-05 , 512940 
 36 , 0.999520998194182 , 3.17059163442756E-09 , 6.10924974603935E-06 , 512940 
 37 , 0.999518663689513 , 2.55078622111892E-09 , 3.27850781084646E-06 , 512940 
 38 , 0.999517401277712 , 1.97156975344006E-09 , 1.74714346145399E-06 , 512940 
 39 , 0.999516744102634 , 1.74445125026386E-09 , 9.50252884942364E-07 , 512940 
# upper F=1.28746832300745 16446.61
 0 , 0 , 260.825795403841 , 23452.3276826926 , 512940 
 1 , 254.838801090594 , 158.390927821598 , 15469.9712379315 , 512940 
 2 , 440.845108250827 , 96.0415082743131 , 10882.9402174125 , 512940 
 3 , 536.091531387067 , 62.3036243073349 , 8149.54271567273 , 512940 
 4 , 604.823323650793 , 52.2435766226017 , 7539.82776638394 , 512940 
 5 , 692.148679127114 , 40.0752443186237 , 6409.61219086394 , 512940 
 6 , 822.518564616105 , 27.3902117082474 , 4949.48532378105 , 512940 
 7 , 956.723507699959 , 18.2677071385986 , 3798.66616460452 , 512940 
 8 , 998.343834169312 , 9.81338773475216 , 2493.45143480086 , 512940 
 9 , 869.829540263793 , 4.3953480816309 , 1483.09817586483 , 512940 
 10 , 719.037113707293 , 2.6189562686028 , 1052.60671685953 , 512940 
 11 , 655.389592421154 , 1.90387070876666 , 891.076886222184 , 512940 
 12 , 417.628114028144 , 0.92337295819649 , 509.455475501773 , 512940 
 13 , 342.898925044082 , 0.504497356530089 , 390.24027785803 , 512940 
 14 , 205.894435728691 , 0.236774153005249 , 223.084091311499 , 512940 
 15 , 91.834989811198 , 5.56967965390041E-02 , 94.0057521608138 , 512940 
 16 , 9.12850182227963 , 3.49079627276294E-03 , 8.37763243385738 , 512940 
 17 , 2.34082443060151 , 5.8626684286063E-04 , 1.45229910371824 , 512940 
 18 , 1.76503829006201 , 2.47265304994415E-04 , 0.817068917030768 , 512940 
 19 , 1.47727227505269 , 8.11896581011107E-05 , 0.503331842673755 , 512940 
 20 , 1.23930897022624 , 2.30379364336009E-05 , 0.249363362362196 , 512940 
 21 , 1.131459191328 , 8.52296073730607E-06 , 0.13368227830166 , 512940 
 22 , 1.06922413713365 , 2.35536935619396E-06 , 6.65899588106966E-02 , 512940 
 23 , 1.03982703210974 , 4.84829885433191E-07 , 3.45808681131339E-02 , 512940 
 24 , 1.02518748341324 , 1.56382088792317E-07 , 0.018457687323984 , 512940 
 25 , 1.01670045231132 , 4.30464949756577E-08 , 9.02430749127579E-03 , 512940 
 26 , 1.01152749446319 , 4.22178840031989E-08 , 3.19356528974219E-03 , 512940 
 27 , 1.01030722082743 , 4.15395017508507E-08 , 1.79471909506372E-03 , 512940 
 28 , 1.00953514964736 , 3.52957821455501E-08 , 9.05212288582114E-04 , 512940 
 29 , 1.00926473265601 , 2.81869777116747E-08 , 5.92492650170149E-04 , 512940 
 30 , 1.00896371895234 , 2.4417647964429E-08 , 2.40188517816036E-04 , 512940 
 31 , 1.00893347180307 , 2.02110654164952E-08 , 2.04789090423163E-04 , 512940 
 32 , 1.00886262691391 , 1.63186998813172E-08 , 1.20948104035516E-04 , 512940 
 33 , 1.008798916634 , 1.00273571354892E-08 , 4.51873924265471E-05 , 512940 
 34 , 1.00878225529548 , 6.82961842951857E-09 , 2.51664323480159E-05 , 512940 
 35 , 1.00876935348306 , 3.93632699868956E-09 , 9.62816121044786E-06 , 512940 
 36 , 1.00876569434327 , 3.11132275081029E-09 , 5.20333725232847E-06 , 512940 
 37 , 1.00876367787487 , 2.31407382473236E-09 , 2.75538446449588E-06 , 512940 
 38 , 1.00876261516385 , 1.80788368952344E-09 , 1.46397877479335E-06 , 512940 
 39 , 1.00876208287296 , 1.67110835296535E-09 , 8.18458393885696E-07 , 512940 
# lower F=1.13259110887965 16480.2
# compile arrays 16490.07
# ordering 33001 16499.53
# ordering 0/33001 16508.83
# ordering 8192/33001 16517.64
# ordering 16384/33001 16524.15
# ordering 24576/33001 16534.14
# ordering 32768/33001 16553.31
# ordering complete 16553.86
# symbolic factorization 16554.28
# symbolic complete 786912 16554.47
 0 , 0 , 1 , 5994 , 786912 
# Schur factor 16554.65
# Schur mapping 0 16554.89
# Schur mapping 12288 16555.15
# Schur mapping 14336 16555.41
# Schur mapping 15872 16555.72
# Schur mapping 16896 16556
# Schur mapping 18432 16556.3
# Schur mapping 22016 16556.54
# Schur pattern 5120 16556.76
# ordering 0/15019 16556.96
# ordering 8192/15019 16557.65
# Schur mapping 0 16561.98
# Schur local 0 16562.28
 1 , 3.71946536555935E-02 , 0.134339125583194 , 3117.95671172579 , 786912 
# Schur factor 16564.62
 2 , 4.45341514639382E-02 , 2.83528705397063E-03 , 76.4648149116273 , 786912 
# Schur factor 16566.94
 3 , 0.042025297148387 , 1.49588932788687E-04 , 3.96080634761803 , 786912 
# Schur factor 16567.99
 4 ,-2.57967421987605E-02 , 7.56103108398361E-05 , 2.13949424855074 , 786912 
# Schur factor 16569.05
 5 ,-0.262856294322837 , 2.85592442510641E-05 , 0.878121215425178 , 786912 
# Schur factor 16570.17
 6 ,-0.789103401038556 , 2.12113882738189E-05 , 0.732605478059632 , 786912 
# Schur factor 16571.32
 7 ,-1.06899263037598 , 1.96883613756108E-05 , 0.682060529602212 , 786912 
# Schur factor 16572.41
 8 ,-1.20342328632652 , 1.37816727733767E-05 , 0.499535458674117 , 786912 
# Schur factor 16573.52
 9 ,-1.25686882146729 , 6.13518454041783E-06 , 0.32887630122233 , 786912 
# Schur factor 16574.6
 10 ,-1.30601046452608 , 2.30372212923748E-06 , 9.03907955819099E-02 , 786912 
# Schur factor 16575.68
 11 ,-1.30985425224177 , 1.15702770452437E-06 , 5.48893843692579E-02 , 786912 
# Schur factor 16576.7
 12 ,-1.31378080271856 , 4.39897789474768E-07 , 2.26706843565006E-02 , 786912 
# Schur factor 16577.77
 13 ,-1.31501027688365 , 2.39220147784316E-07 , 1.26939057224469E-02 , 786912 
# Schur factor 16578.89
 14 ,-1.31564470835735 , 1.69667538709272E-07 , 7.69942208623663E-03 , 786912 
# Schur factor 16579.96
 15 ,-1.31624935624299 , 1.58906652884634E-07 , 2.60043113271936E-03 , 786912 
# Schur factor 16581.07
 16 ,-1.31639284224416 , 1.55911861738399E-07 , 1.2773252897905E-03 , 786912 
# Schur factor 16582.16
 17 ,-1.31647079004903 , 1.31428784777222E-07 , 5.600990511302E-04 , 786912 
# Schur factor 16583.26
 18 ,-1.31650469686952 , 1.28079128817927E-07 , 2.62804520096848E-04 , 786912 
# Schur factor 16584.38
 19 ,-1.31651170169921 , 1.07786964545548E-07 , 2.03960838976374E-04 , 786912 
# Schur factor 16585.52
 20 ,-1.31652247908534 , 8.68817552049313E-08 , 1.05718550767768E-04 , 786912 
# Schur factor 16586.62
 21 ,-1.3165267641874 , 6.62999874803115E-08 , 6.76182028234704E-05 , 786912 
# Schur factor 16587.75
 22 ,-1.31653025723025 , 6.02942288854383E-08 , 3.44945636687748E-05 , 786912 
# Schur factor 16588.89
 23 ,-1.31653212518252 , 6.45986127096815E-08 , 1.76336928073445E-05 , 786912 
# Schur factor 16590.01
 24 ,-1.31653308700081 , 6.8899723811806E-08 , 9.12358268546747E-06 , 786912 
# Schur factor 16591.11
 25 ,-1.31653325795635 , 6.08023774803753E-08 , 7.8493883004346E-06 , 786912 
# Schur factor 16592.2
 26 ,-1.316533700927 , 4.97321335735354E-08 , 4.2323357199087E-06 , 786912 
# Schur factor 16593.28
 27 ,-1.31653394810167 , 4.64080260191874E-08 , 2.30623037040875E-06 , 786912 
# Schur factor 16594.37
 28 ,-1.31653402767242 , 4.49794061193275E-08 , 1.89896851156383E-06 , 786912 
# Schur factor 16595.48
 29 ,-1.3165341552516 , 4.34909594204369E-08 , 1.02938067373894E-06 , 786912 
# lower cache store 0 16596.7
# lower cache store 256 16596.73
# lower cache store 512 16596.75
# lower cache store 768 16596.78
# lower cache store 1024 16596.8
# lower cache store 1280 16596.82
# lower cache store 1536 16596.85
# lower cache store 1792 16596.87
# lower cache store 2048 16596.9
# lower cache store 2304 16596.92
# lower cache store 2560 16596.95
# lower cache store 2816 16596.97
# lower cache store 3072 16596.99
# lower cache store 3328 16597.02
# lower cache store 3584 16597.04
# lower cache store 3840 16597.07
# lower cache store 4096 16597.09
# lower cache store 4352 16597.12
# lower cache store 4608 16597.14
# lower cache store 4864 16597.16
# lower cache store 5120 16597.19
# lower cache store 5376 16597.21
# lower cache store 5632 16597.24
# lower cache store 5888 16597.26
# lower F=1.38427802196402 16597.4
 0 , 0 , 1 , 5994 , 786912 
# Schur factor 16597.66
# Schur update 1024 16597.75
 1 , 2.81572497817595E-02 , 4.93081225725772E-02 , 1170.20741095229 , 786912 
# Schur factor 16600
 2 , 2.95500898438216E-02 , 1.0576440085619E-03 , 25.4883406424071 , 786912 
# Schur factor 16602.36
 3 , 2.28210245373326E-02 , 9.76431826008931E-05 , 2.29988401313286 , 786912 
# Schur factor 16603.49
 4 ,-8.16392833924057E-02 , 4.8941749799868E-05 , 1.28635507109338 , 786912 
# Schur factor 16604.61
 5 ,-0.388824699375329 , 1.80876076041793E-05 , 0.544942490630684 , 786912 
# Schur factor 16605.68
 6 ,-0.599379675874975 , 1.28167840952316E-05 , 0.427946043623383 , 786912 
# Schur factor 16606.8
 7 ,-0.721348895604537 , 9.41438607753376E-06 , 0.305171093062033 , 786912 
# Schur factor 16607.91
 8 ,-0.780340787503889 , 3.91423206204777E-06 , 0.1740090295496 , 786912 
# Schur factor 16609.05
 9 ,-0.80111753435943 , 1.95208905557867E-06 , 8.03455118598113E-02 , 786912 
# Schur factor 16610.13
 10 ,-0.806312875326869 , 8.41568527061475E-07 , 4.85737001953221E-02 , 786912 
# Schur factor 16611.18
 11 ,-0.810066058344533 , 4.69097853495431E-07 , 2.49262739217817E-02 , 786912 
# Schur factor 16612.27
 12 ,-0.810824379178518 , 4.32932375278652E-07 , 2.02534288405974E-02 , 786912 
# Schur factor 16613.35
 13 ,-0.812537546524564 , 1.76040198968462E-07 , 7.65071714562251E-03 , 786912 
# Schur factor 16614.41
 14 ,-0.812980456020732 , 2.55644638713194E-07 , 3.99377015021648E-03 , 786912 
# Schur factor 16615.54
 15 ,-0.813253167831186 , 2.66000432945239E-07 , 1.60000413835945E-03 , 786912 
# Schur factor 16616.62
 16 ,-0.813352242954198 , 2.05634412095394E-07 , 7.63534695844228E-04 , 786912 
# Schur factor 16617.71
 17 ,-0.813400335196279 , 1.65123393932811E-07 , 3.44399819972635E-04 , 786912 
# Schur factor 16618.79
 18 ,-0.813424901424749 , 1.51663941982266E-07 , 1.2721480136358E-04 , 786912 
# Schur factor 16619.88
 19 ,-0.813433769188397 , 1.29910206141627E-07 , 5.11814419056564E-05 , 786912 
# Schur factor 16621.02
 20 ,-0.81343689399765 , 1.21921956617876E-07 , 2.61273003409563E-05 , 786912 
# Schur factor 16622.14
 21 ,-0.813438363286231 , 1.11412958629842E-07 , 1.58759162668379E-05 , 786912 
# Schur factor 16623.27
 22 ,-0.81343905680335 , 1.00691307477122E-07 , 1.13534888877602E-05 , 786912 
# Schur factor 16624.38
 23 ,-0.813439327584468 , 9.48204011136989E-08 , 9.59229180931381E-06 , 786912 
# Schur factor 16625.51
 24 ,-0.813439841506729 , 8.69188276420305E-08 , 5.96817076434565E-06 , 786912 
# Schur factor 16626.59
 25 ,-0.813440171922116 , 7.46927811745192E-08 , 4.26255156112284E-06 , 786912 
# Schur factor 16627.69
 26 ,-0.813440464730174 , 6.63068561934141E-08 , 2.40811971436198E-06 , 786912 
# Schur factor 16628.78
 27 ,-0.813440654606746 , 5.54117588599038E-08 , 1.37584140653134E-06 , 786912 
# Schur factor 16629.89
 28 ,-0.813440752614902 , 4.84597421142854E-08 , 1.007462413991E-06 , 786912 
# Schur factor 16630.99
 29 ,-0.813440844708041 , 4.37176333456038E-08 , 5.45952096911062E-07 , 786912 
# lower F=1.27013320292338 16632.16
 0 , 0 , 1 , 5994 , 786912 
# Schur factor 16632.31
 1 , 3.30478806998154E-02 , 0.078499655413315 , 1897.07366839019 , 786912 
# Schur factor 16634.63
 2 , 3.61984834864977E-02 , 1.62416029688795E-03 , 41.0980101303244 , 786912 
# Schur factor 16636.97
 3 , 3.16969813383416E-02 , 1.18321965810756E-04 , 2.92949849900194 , 786912 
# Schur factor 16638.06
 4 ,-5.35312064496986E-02 , 6.18280487819229E-05 , 1.67130654637917 , 786912 
# Schur factor 16639.18
 5 ,-0.322394595330798 , 2.24341967191257E-05 , 0.667570942898591 , 786912 
# Schur factor 16640.3
 6 ,-0.633897584696858 , 1.60422590544208E-05 , 0.55910286104325 , 786912 
# Schur factor 16641.38
 7 ,-0.857245795994534 , 1.34205119726742E-05 , 0.467640881330969 , 786912 
# Schur factor 16642.49
 8 ,-0.934310274128553 , 7.42282597824813E-06 , 0.2872510235972 , 786912 
# Schur factor 16643.61
 9 ,-0.971120245941385 , 2.98083736065401E-06 , 0.128275348210245 , 786912 
# Schur factor 16644.75
 10 ,-0.983806910307765 , 1.07139794564525E-06 , 5.26758317080181E-02 , 786912 
# Schur factor 16645.87
 11 ,-0.9875352205319 , 5.21752840464318E-07 , 2.56238188482269E-02 , 786912 
# Schur factor 16646.95
 12 ,-0.989353680053065 , 4.20728303936917E-07 , 0.01262930364907 , 786912 
# Schur factor 16648.02
 13 ,-0.990187386270895 , 2.21925507804028E-07 , 5.79008214914446E-03 , 786912 
# Schur factor 16649.09
 14 ,-0.990491800304733 , 2.0797085731302E-07 , 3.28044003718063E-03 , 786912 
# Schur factor 16650.17
 15 ,-0.990719866678613 , 1.84368831729058E-07 , 1.37418682937442E-03 , 786912 
# Schur factor 16651.29
 16 ,-0.99080179848949 , 1.61133830893147E-07 , 6.61636575250616E-04 , 786912 
# Schur factor 16652.33
 17 ,-0.990844724637546 , 1.88804532372253E-07 , 2.83203852542847E-04 , 786912 
# Schur factor 16653.41
 18 ,-0.990863857190592 , 2.03791342377813E-07 , 1.19854354731168E-04 , 786912 
# Schur factor 16654.52
 19 ,-0.990870904582879 , 1.43643326541201E-07 , 6.53325634466631E-05 , 786912 
# Schur factor 16655.63
 20 ,-0.990875078759138 , 1.10774213002243E-07 , 3.33329291209905E-05 , 786912 
# Schur factor 16656.73
 21 ,-0.990877343165193 , 1.00788825261737E-07 , 1.70346194351993E-05 , 786912 
# Schur factor 16657.86
 22 ,-0.990878603914491 , 9.81765104955127E-08 , 8.84772141943416E-06 , 786912 
# Schur factor 16658.94
 23 ,-0.990879375200705 , 9.46300478805883E-08 , 4.85303639540227E-06 , 786912 
# Schur factor 16659.98
 24 ,-0.9908798543004 , 9.17556214340981E-08 , 2.86605379664279E-06 , 786912 
# Schur factor 16661.1
 25 ,-0.990880100927766 , 8.79158491614246E-08 , 2.40689934978232E-06 , 786912 
# Schur factor 16662.15
 26 ,-0.990880141127921 , 8.7092204843972E-08 , 2.29780559676924E-06 , 786912 
# Schur factor 16663.3
 27 ,-0.990880171897054 , 8.63514557385313E-08 , 2.2498665744032E-06 , 786912 
# Schur factor 16664.44
 28 ,-0.990880270482798 , 8.43710030403111E-08 , 2.08882185921946E-06 , 786912 
# Schur factor 16665.56
 29 ,-0.990880380650811 , 8.15308271515761E-08 , 1.90822632836773E-06 , 786912 
# Schur factor 16666.63
 30 ,-0.990880516324125 , 7.87954773835901E-08 , 1.52734871737273E-06 , 786912 
# Schur factor 16667.75
 31 ,-0.990880715136676 , 7.52385619671988E-08 , 8.65381657634836E-07 , 786912 
# lower F=1.2654481868146 16668.97
 0 , 0 , 1 , 5994 , 786912 
# Schur factor 16669.12
 1 , 0.033224943809039 , 0.080011433573427 , 1932.44196220426 , 786912 
# Schur factor 16671.43
 2 , 3.64754310574315E-02 , 1.65439704322292E-03 , 41.9222101463492 , 786912 
# Schur factor 16674.13
 3 , 3.20534722274195E-02 , 1.19269327373669E-04 , 2.9572952383814 , 786912 
# Schur factor 16675.14
 4 ,-5.24962095984414E-02 , 6.23631194362853E-05 , 1.68691047371936 , 786912 
# Schur factor 16676.21
 5 ,-0.320245095345453 , 2.25868922226806E-05 , 0.671755907100261 , 786912 
# Schur factor 16677.3
 6 ,-0.63745169500309 , 1.61937491545389E-05 , 0.564080480744116 , 786912 
# Schur factor 16678.37
 7 ,-0.863631339952162 , 1.360560004614E-05 , 0.47415117807123 , 786912 
# Schur factor 16679.49
 8 ,-0.941791146824084 , 7.60709967412305E-06 , 0.292174917246192 , 786912 
# Schur factor 16680.59
 9 ,-0.978745756154031 , 3.10743619868771E-06 , 0.133624819304909 , 786912 
# Schur factor 16681.68
 10 ,-0.992614290106939 , 1.10013353665051E-06 , 5.25244390923481E-02 , 786912 
# Schur factor 16682.79
 11 ,-0.996338082982145 , 5.13657623453594E-07 , 2.51328003338772E-02 , 786912 
# Schur factor 16683.87
 12 ,-0.998145077024885 , 4.11706390075477E-07 , 1.21642913387467E-02 , 786912 
# Schur factor 16684.97
 13 ,-0.998943123618079 , 1.97757670997444E-07 , 5.70862383854349E-03 , 786912 
# Schur factor 16686.03
 14 ,-0.99921788444311 , 1.97371117591193E-07 , 3.39286818300765E-03 , 786912 
# Schur factor 16687.11
 15 ,-0.999442421754524 , 1.88612887579551E-07 , 1.48202634664919E-03 , 786912 
# Schur factor 16688.18
 16 ,-0.999531633454312 , 1.8217970677714E-07 , 7.00627367043336E-04 , 786912 
# Schur factor 16689.3
 17 ,-0.999576011278462 , 2.08737519017812E-07 , 3.16051748201664E-04 , 786912 
# Schur factor 16690.41
 18 ,-0.99959677448191 , 2.26358132291965E-07 , 1.36559144002427E-04 , 786912 
# Schur factor 16691.53
 19 ,-0.99960685602917 , 1.82210961117027E-07 , 5.30175938011944E-05 , 786912 
# Schur factor 16692.6
 20 ,-0.999608925415942 , 1.04688654148666E-07 , 3.85208113100154E-05 , 786912 
# Schur factor 16693.71
 21 ,-0.999611463443204 , 1.00586625420016E-07 , 1.96617878610043E-05 , 786912 
# Schur factor 16694.81
 22 ,-0.999612865570484 , 9.57757349334044E-08 , 1.03083152109686E-05 , 786912 
# Schur factor 16695.81
 23 ,-0.999613711349134 , 9.27256195070899E-08 , 5.38265109214249E-06 , 786912 
# Schur factor 16696.9
 24 ,-0.99961424913228 , 8.95331654549342E-08 , 2.87317529060154E-06 , 786912 
# Schur factor 16697.97
 25 ,-0.999614583886545 , 8.63350697430225E-08 , 1.79133684246753E-06 , 786912 
# Schur factor 16699.07
 26 ,-0.999614720753253 , 8.40223749282356E-08 , 1.5633788600181E-06 , 786912 
# Schur factor 16700.2
 27 ,-0.999614857902317 , 8.18000924182818E-08 , 1.24171492295483E-06 , 786912 
# Schur factor 16701.3
 28 ,-0.999614992381185 , 7.94898797073077E-08 , 9.95664914239687E-07 , 786912 
# lower F=1.26065210822321 16702.54
 0 , 0 , 1 , 5994 , 786912 
# Schur factor 16702.69
 1 , 3.34039319248606E-02 , 8.15864735941525E-02 , 1969.11069573059 , 786912 
# Schur factor 16704.94
 2 , 3.67593659669796E-02 , 1.68600328524575E-03 , 42.7850595241755 , 786912 
# Schur factor 16707.18
 3 , 3.24178755393467E-02 , 1.20246039642672E-04 , 2.98602482081303 , 786912 
# Schur factor 16708.27
 4 ,-5.14451860050063E-02 , 6.29087923364774E-05 , 1.70287530493184 , 786912 
# Schur factor 16709.36
 5 ,-0.31808433910546 , 2.27411144442697E-05 , 0.67600650439449 , 786912 
# Schur factor 16710.48
 6 ,-0.641206102893199 , 1.635049211101E-05 , 0.569173325373513 , 786912 
# Schur factor 16711.59
 7 ,-0.870323983813505 , 1.37961407697365E-05 , 0.480765653824087 , 786912 
# Schur factor 16712.73
 8 ,-0.949600798273855 , 7.79255965552498E-06 , 0.297211054229399 , 786912 
# Schur factor 16713.85
 9 ,-0.986736542255093 , 3.23062698070547E-06 , 0.138892320474198 , 786912 
# Schur factor 16714.95
 10 ,-1.00181925032012 , 1.12204652702942E-06 , 5.21257126749496E-02 , 786912 
# Schur factor 16716.07
 11 ,-1.00541116700332 , 5.1434447180293E-07 , 2.51641931503838E-02 , 786912 
# Schur factor 16717.15
 12 ,-1.00727259284004 , 4.02987014249614E-07 , 1.17432905361047E-02 , 786912 
# Schur factor 16718.25
 13 ,-1.00801984812101 , 1.92824825716698E-07 , 5.83856241185974E-03 , 786912 
# Schur factor 16719.38
 14 ,-1.00831150295996 , 1.9666624833021E-07 , 3.30853580307889E-03 , 786912 
# Schur factor 16720.52
 15 ,-1.00852212539073 , 1.91071156941697E-07 , 1.51056117658617E-03 , 786912 
# Schur factor 16721.63
 16 ,-1.00861498923016 , 1.95247652583764E-07 , 7.13788463574594E-04 , 786912 
# Schur factor 16722.74
 17 ,-1.00866196630551 , 2.33495714865532E-07 , 2.9566937569948E-04 , 786912 
# Schur factor 16723.86
 18 ,-1.0086817354932 , 2.3884219504823E-07 , 1.25856719199504E-04 , 786912 
# Schur factor 16724.96
 19 ,-1.00868387250082 , 1.80776401888405E-07 , 1.08515068324297E-04 , 786912 
# Schur factor 16726.05
 20 ,-1.00869287318749 , 1.47198659443984E-07 , 3.52369542706414E-05 , 786912 
# Schur factor 16727.14
 21 ,-1.00869532452876 , 1.19962470802735E-07 , 1.80362650691783E-05 , 786912 
# Schur factor 16728.28
 22 ,-1.00869668290297 , 1.04364089450879E-07 , 9.52575174670476E-06 , 786912 
# Schur factor 16729.37
 23 ,-1.00869753219126 , 9.57337713587825E-08 , 5.38460683274663E-06 , 786912 
# Schur factor 16730.46
 24 ,-1.00869801357545 , 9.00031796191853E-08 , 3.74205779520887E-06 , 786912 
# Schur factor 16731.57
 25 ,-1.00869843896673 , 8.64408917162325E-08 , 2.10292132099804E-06 , 786912 
# Schur factor 16732.7
 26 ,-1.00869871872598 , 8.2724953626202E-08 , 1.35062499900676E-06 , 786912 
# Schur factor 16733.83
 27 ,-1.00869891357571 , 7.90049207885394E-08 , 9.99964634333414E-07 , 786912 
# upper F=1.29210412612518 16735.9
# upper elements 0/999 16735.92
# upper elements 256/999 16736.05
# upper elements 512/999 16736.18
# upper elements 768/999 16736.31
# upper edges 0/1538 16736.43
# upper edges 512/1538 16736.56
# upper edges 1024/1538 16736.69
# upper edges 1536/1538 16737.79
# compile arrays 16737.87
# ordering complete 16741.6
# symbolic factorization 16745.19
# symbolic complete 512940 16745.33
 0 , 0 , 256.703545876773 , 36802.0262299926 , 512940 
 1 , 264.408880672513 , 159.089492619331 , 24761.5463574588 , 512940 
 2 , 409.991453669487 , 129.442818443174 , 22868.4017818761 , 512940 
 3 , 553.569675367019 , 89.6053164889282 , 17954.4860285708 , 512940 
 4 , 657.198734598713 , 71.7336125764065 , 15933.4772045849 , 512940 
 5 , 766.216251828887 , 61.0425119644899 , 14740.4176149317 , 512940 
 6 , 954.529596869529 , 47.3189548944015 , 12674.3896227905 , 512940 
 7 , 1263.85893720479 , 34.9464463524344 , 10723.5774012063 , 512940 
 8 , 1629.83576181116 , 26.2400594594132 , 9411.84613227491 , 512940 
 9 , 1888.40222722447 , 13.2839123284007 , 5869.55251246489 , 512940 
 10 , 1895.53142489757 , 7.0135331527466 , 3993.20336536632 , 512940 
 11 , 1863.89178110699 , 5.25270867825955 , 3444.39913305636 , 512940 
 12 , 1562.39137581352 , 2.89506102274878 , 2353.40952778562 , 512940 
 13 , 1287.63031415459 , 1.57018182019581 , 1674.58666632669 , 512940 
 14 , 1024.54634017956 , 0.893690741764596 , 1218.17858084941 , 512940 
 15 , 896.924358571557 , 0.512688780270494 , 1004.1974181021 , 512940 
 16 , 608.274808438492 , 0.275877068136376 , 652.716789188709 , 512940 
 17 , 463.367344895426 , 0.143436883118869 , 482.594549779473 , 512940 
 18 , 147.117388835118 , 2.64630377602003E-02 , 147.748652775752 , 512940 
 19 , 5.93571472494159 , 7.94107817573761E-04 , 5.07852282100087 , 512940 
 20 , 2.2083113122235 , 1.75166572758473E-04 , 1.28725547931817 , 512940 
 21 , 1.85369598198815 , 9.65686625836321E-05 , 0.905536482397991 , 512940 
 22 , 1.61511858827324 , 3.59053709209287E-05 , 0.649459761920373 , 512940 
 23 , 1.33199449606561 , 1.20620268385663E-05 , 0.35313023872364 , 512940 
 24 , 1.17769795567964 , 3.51460463752021E-06 , 0.190740244583041 , 512940 
 25 , 1.10991470448293 , 1.42628774539577E-06 , 0.11888012348971 , 512940 
 26 , 1.05987209627025 , 3.76729172989199E-07 , 6.55563116627416E-02 , 512940 
 27 , 1.03812535854295 , 1.15000144629285E-07 , 4.21740028625784E-02 , 512940 
 28 , 1.02126846405303 , 4.39204909281898E-08 , 0.023846129233352 , 512940 
 29 , 1.01318104473458 , 3.25541704920602E-08 , 1.50047320338138E-02 , 512940 
 30 , 1.00556142315973 , 4.0138784255004E-08 , 6.55100215469731E-03 , 512940 
 31 , 1.00214356886384 , 4.52702556794872E-08 , 2.70465620295628E-03 , 512940 
 32 , 1.00108496846972 , 4.52012826053524E-08 , 1.49169495984029E-03 , 512940 
 33 , 1.00092591068718 , 3.86623082380375E-08 , 1.31068967782902E-03 , 512940 
 34 , 1.00030791533286 , 2.75754273681079E-08 , 5.98516724385202E-04 , 512940 
 35 , 1.00010178387437 , 2.44972731312838E-08 , 3.56332224307333E-04 , 512940 
 36 , 0.999987947247113 , 1.90852437990765E-08 , 2.22195836973826E-04 , 512940 
 37 , 0.999899245823414 , 1.36121027856354E-08 , 1.16955423286681E-04 , 512940 
 38 , 0.99984960506364 , 9.90330914219782E-09 , 5.73998569120674E-05 , 512940 
 39 , 0.999823549358383 , 6.19696439444579E-09 , 2.5930274940712E-05 , 512940 
 40 , 0.999813127806847 , 4.12272451085864E-09 , 1.32390052280049E-05 , 512940 
 41 , 0.999808055378744 , 2.74427860665412E-09 , 7.04487941769628E-06 , 512940 
 42 , 0.999805345268907 , 1.80619817605908E-09 , 3.72747258944967E-06 , 512940 
 43 , 0.999803985522732 , 1.24541997310275E-09 , 2.0603101408879E-06 , 512940 
 44 , 0.999803263196936 , 9.75516040113614E-10 , 1.17343477453087E-06 , 512940 
 45 , 0.999802851721692 , 8.30223272697477E-10 , 6.68210081185269E-07 , 512940 
# upper F=1.29220749859017 16788.66
 0 , 0 , 256.722490719659 , 36802.0262299926 , 512940 
 1 , 264.428633920242 , 159.099440534598 , 24761.2409875311 , 512940 
 2 , 410.018565081101 , 129.451487273965 , 22868.1672348664 , 512940 
 3 , 553.609955825851 , 89.6130075124427 , 17954.5501699464 , 512940 
 4 , 657.271114297798 , 71.7415254631521 , 15934.0349789192 , 512940 
 5 , 766.309214443416 , 61.0527425691274 , 14741.6707835095 , 512940 
 6 , 954.651651315956 , 47.3281618882581 , 12675.6365262836 , 512940 
 7 , 1264.12231056923 , 34.94842177138 , 10723.5745477036 , 512940 
 8 , 1629.9804256881 , 26.2451313221336 , 9412.53254218732 , 512940 
 9 , 1888.70810147858 , 13.2845378163535 , 5869.73981508366 , 512940 
 10 , 1896.129865432 , 7.01401023046873 , 3994.07900580167 , 512940 
 11 , 1864.11274112769 , 5.25456454895412 , 3445.02998070037 , 512940 
 12 , 1561.00299492284 , 2.89883955824015 , 2352.3116039903 , 512940 
 13 , 1286.9769403864 , 1.57143167116313 , 1673.99909497593 , 512940 
 14 , 1023.62393825343 , 0.893663228364487 , 1217.07660805058 , 512940 
 15 , 896.182026928577 , 0.512405026305564 , 1003.31284027541 , 512940 
 16 , 607.76386273794 , 0.275686772452131 , 652.140941674658 , 512940 
 17 , 462.906059147515 , 0.143303848981549 , 482.097512326595 , 512940 
 18 , 148.427193523064 , 2.60642298797881E-02 , 149.037782579235 , 512940 
 19 , 5.96382008068969 , 7.85180156798074E-04 , 5.10636701602335 , 512940 
 20 , 2.21396616901899 , 1.73340018684888E-04 , 1.2932035656975 , 512940 
 21 , 1.85569398333607 , 9.52786247195372E-05 , 0.907690234611267 , 512940 
 22 , 1.6159721632629 , 3.54093215227634E-05 , 0.650502672557723 , 512940 
 23 , 1.33185855679819 , 1.18796187249838E-05 , 0.353177672435482 , 512940 
 24 , 1.17746867599164 , 3.45367014788558E-06 , 0.190697171703529 , 512940 
 25 , 1.10973730412485 , 1.4002213524246E-06 , 0.118893748952791 , 512940 
 26 , 1.05965875535518 , 3.70653497245438E-07 , 6.55320006051308E-02 , 512940 
 27 , 1.03795810767838 , 1.13347163949867E-07 , 4.22000080798936E-02 , 512940 
 28 , 1.02105259122378 , 4.3165047466931E-08 , 2.38196201956435E-02 , 512940 
 29 , 1.01298879194993 , 3.25244975172739E-08 , 1.50041145786591E-02 , 512940 
 30 , 1.00538183053864 , 4.01113468734709E-08 , 6.56433487093283E-03 , 512940 
 31 , 1.00196021869785 , 4.52404646100834E-08 , 2.71400696080429E-03 , 512940 
 32 , 1.00089447792001 , 4.5256747136472E-08 , 1.49296282600191E-03 , 512940 
 33 , 1.00073497841294 , 3.86949611615861E-08 , 1.31147671487846E-03 , 512940 
 34 , 1.00011784379296 , 2.75912800128458E-08 , 6.00364784964048E-04 , 512940 
 35 , 0.999911521539988 , 2.45282170399263E-08 , 3.57972782297527E-04 , 512940 
 36 , 0.999798417070564 , 1.91341840568771E-08 , 2.24718461274295E-04 , 512940 
 37 , 0.999704220703582 , 1.35498370349763E-08 , 1.1294693989269E-04 , 512940 
 38 , 0.999658442522807 , 9.89680867931446E-09 , 5.80107604015552E-05 , 512940 
 39 , 0.999631801221397 , 6.16569676701762E-09 , 2.58314527286624E-05 , 512940 
 40 , 0.999621421822095 , 4.11033859104264E-09 , 1.31886100256084E-05 , 512940 
 41 , 0.99961636694866 , 2.73509018075763E-09 , 7.01465515109367E-06 , 512940 
 42 , 0.999613668531598 , 1.79978706692018E-09 , 3.71081104667657E-06 , 512940 
 43 , 0.999612326346918 , 1.24674137517282E-09 , 2.06482767499621E-06 , 512940 
 44 , 0.99961160054284 , 9.74686301301865E-10 , 1.17354683061129E-06 , 512940 
 45 , 0.99961118809113 , 8.29306203239178E-10 , 6.67053550002162E-07 , 512940 
# upper F=1.28746832300745 16832.63
# upper elements 0/999 16832.67
# upper elements 256/999 16832.79
# upper elements 512/999 16832.91
# upper elements 768/999 16833.05
# upper edges 0/1538 16833.17
# upper edges 512/1538 16834.1
# upper edges 1024/1538 16836.09
# upper edges 1536/1538 16838.08
# compile arrays 16838.17
# ordering complete 16841.97
# symbolic factorization 16845.55
# symbolic complete 512940 16845.69
 0 , 0 , 255.854132598568 , 36802.0262299926 , 512940 
 1 , 263.524248008227 , 158.642823886657 , 24775.1871029817 , 512940 
 2 , 408.778955609943 , 129.053221033694 , 22878.8173581893 , 512940 
 3 , 551.773011699416 , 89.2585050810779 , 17951.2948859147 , 512940 
 4 , 652.945096595013 , 71.555276309153 , 15931.7358332318 , 512940 
 5 , 762.523773841504 , 60.429953493052 , 14649.9251871932 , 512940 
 6 , 948.752026338151 , 46.906482226329 , 12614.1202474028 , 512940 
 7 , 1250.29029487529 , 34.8447311025818 , 10708.0752737456 , 512940 
 8 , 1622.59567549412 , 25.9419026509409 , 9352.87592777964 , 512940 
 9 , 1872.51027751242 , 13.2193230968773 , 5844.28366736733 , 512940 
 10 , 1862.82932393662 , 6.9812033086051 , 3940.10972141233 , 512940 
 11 , 1849.14477052963 , 5.02515543995513 , 3366.73433688659 , 512940 
 12 , 1803.09575013135 , 4.10765724086739 , 3041.46136858201 , 512940 
 13 , 1375.14256618941 , 2.11876407085521 , 1917.49704380007 , 512940 
 14 , 1157.51252147551 , 1.19702853005645 , 1437.84745416027 , 512940 
 15 , 907.14202419461 , 0.72029413140365 , 1053.4931171313 , 512940 
 16 , 658.668995258304 , 0.370123635608475 , 721.276985325232 , 512940 
 17 , 492.638358043661 , 0.196365958722603 , 520.354830422326 , 512940 
 18 , 243.725452031322 , 5.93497702946419E-02 , 248.086150437789 , 512940 
 19 , 34.3838522139545 , 3.64823627651988E-03 , 33.5888625431829 , 512940 
 20 , 3.60465204657655 , 2.93608252782226E-04 , 2.717716070736 , 512940 
 21 , 2.13884308465922 , 9.90273636763753E-05 , 1.19290260121634 , 512940 
 22 , 1.81889002156396 , 5.03341378138081E-05 , 0.85390640327015 , 512940 
 23 , 1.42655838515066 , 1.48838562260278E-05 , 0.443436014307008 , 512940 
 24 , 1.24096145172412 , 3.28456714255437E-06 , 0.248257898825559 , 512940 
 25 , 1.15629826367114 , 1.59395113280211E-06 , 0.158803091743061 , 512940 
 26 , 1.09884236905837 , 6.93402769928048E-07 , 9.78285688564986E-02 , 512940 
 27 , 1.05862798999398 , 9.02367261398918E-08 , 5.49848998399542E-02 , 512940 
 28 , 1.03112220483729 , 4.08949116855018E-08 , 2.51850524815332E-02 , 512940 
 29 , 1.02496714593116 , 3.33028947001758E-08 , 1.84447375176333E-02 , 512940 
 30 , 1.01661593352367 , 4.05551073543888E-08 , 9.2059367989646E-03 , 512940 
 31 , 1.01354700098051 , 4.22957697146915E-08 , 5.78100998137687E-03 , 512940 
 32 , 1.01071051018271 , 3.8778565727889E-08 , 2.59988377473495E-03 , 512940 
 33 , 1.00969724421125 , 3.67344173895145E-08 , 1.43592419306123E-03 , 512940 
 34 , 1.0096245717006 , 3.37287110933235E-08 , 1.3531416287035E-03 , 512940 
 35 , 1.00898228592072 , 2.69806536465659E-08 , 6.10094766146914E-04 , 512940 
 36 , 1.00877517391157 , 2.4338560169799E-08 , 3.66653791479666E-04 , 512940 
 37 , 1.00866557916039 , 1.92378597037067E-08 , 2.37544938703576E-04 , 512940 
 38 , 1.00854937890119 , 1.34369248572822E-08 , 9.96142600640128E-05 , 512940 
 39 , 1.00851290220185 , 9.70063274625275E-09 , 5.57627528077713E-05 , 512940 
 40 , 1.00848769645393 , 6.03213112737655E-09 , 2.52736996527943E-05 , 512940 
 41 , 1.00847755260569 , 3.9961337565174E-09 , 1.29093122211484E-05 , 512940 
 42 , 1.00847261092208 , 2.66181937905192E-09 , 6.86967957540669E-06 , 512940 
 43 , 1.00846996367054 , 1.74862913603033E-09 , 3.62661177325624E-06 , 512940 
 44 , 1.00846862938191 , 1.19573293238664E-09 , 1.98936020496741E-06 , 512940 
 45 , 1.00846793297886 , 9.82617186197517E-10 , 1.13436199624236E-06 , 512940 
 46 , 1.00846754663959 , 8.34890654284799E-10 , 6.60105877128604E-07 , 512940 
# upper F=1.29241546586442 16890.09
 0 , 0 , 256.760604950743 , 36802.0262299926 , 512940 
 1 , 264.468377534416 , 159.119452413609 , 24760.6264844821 , 512940 
 2 , 410.073118300662 , 129.468925002775 , 22867.6950712738 , 512940 
 3 , 553.691021878579 , 89.628474921143 , 17954.6782935236 , 512940 
 4 , 657.416784980108 , 71.7574358042919 , 15935.1554076971 , 512940 
 5 , 766.496255883058 , 61.0733190851725 , 14744.1901908834 , 512940 
 6 , 954.897265874544 , 47.3466756589612 , 12678.142554976 , 512940 
 7 , 1264.65257295787 , 34.9523843343234 , 10723.5679367824 , 512940 
 8 , 1630.27286948492 , 26.2552933988719 , 9413.90493130277 , 512940 
 9 , 1889.32363980936 , 13.2857644444692 , 5870.10738571144 , 512940 
 10 , 1897.32945310677 , 7.01495418420631 , 3995.8281027057 , 512940 
 11 , 1864.55281164138 , 5.25804890459079 , 3446.22061580506 , 512940 
 12 , 1558.28809664053 , 2.90606125881895 , 2350.11065398194 , 512940 
 13 , 1285.68543923624 , 1.57377761299157 , 1672.80680773652 , 512940 
 14 , 1021.898125837 , 0.893587018176652 , 1215.00613298562 , 512940 
 15 , 894.802498698829 , 0.511870946356052 , 1001.66569274538 , 512940 
 16 , 606.802208113272 , 0.27532918473802 , 651.056414707271 , 512940 
 17 , 462.047371777477 , 0.143064446814171 , 481.17296400212 , 512940 
 18 , 151.165493139377 , 2.52506430341281E-02 , 151.73339120674 , 512940 
 19 , 6.0224848434083 , 7.65811547325308E-04 , 5.1644449734316 , 512940 
 20 , 2.22560400480114 , 1.6931404606995E-04 , 1.3054243806077 , 512940 
 21 , 1.85977196695601 , 9.24990148372072E-05 , 0.912074371967429 , 512940 
 22 , 1.61769311362411 , 3.43456188653668E-05 , 0.65260193142532 , 512940 
 23 , 1.33157281956726 , 1.14922673745584E-05 , 0.353259601855047 , 512940 
 24 , 1.17699620485042 , 3.32607925031606E-06 , 0.190598402204176 , 512940 
 25 , 1.10937315497971 , 1.34590070721002E-06 , 0.118913231033247 , 512940 
 26 , 1.05922635343405 , 3.57761347567764E-07 , 6.54794741826682E-02 , 512940 
 27 , 1.03761606632982 , 1.09778949715367E-07 , 4.22461041509501E-02 , 512940 
 28 , 1.02061657381636 , 4.15736180758852E-08 , 2.37641875526455E-02 , 512940 
 29 , 1.01260077248462 , 3.24651689055505E-08 , 0.015001272324404 , 512940 
 30 , 1.0050182957864 , 4.00587444405212E-08 , 6.58845396768726E-03 , 512940 
 31 , 1.00158949978374 , 4.51855564339925E-08 , 2.73049748139461E-03 , 512940 
 32 , 1.00051356521869 , 4.53508527896516E-08 , 1.49795479472793E-03 , 512940 
 33 , 1.00034856136904 , 3.86723755338441E-08 , 1.31019869330024E-03 , 512940 
 34 , 0.999732022908071 , 2.74892579762304E-08 , 5.99895780483067E-04 , 512940 
 35 , 0.999525311525052 , 2.44303450232259E-08 , 3.5703213891457E-04 , 512940 
 36 , 0.999411541378682 , 1.90625189201238E-08 , 2.22964297096356E-04 , 512940 
 37 , 0.999320902938742 , 1.35743432763806E-08 , 1.15414846863638E-04 , 512940 
 38 , 0.99927282343813 , 9.89749611728668E-09 , 5.77264105314001E-05 , 512940 
 39 , 0.999246340909992 , 6.16167545460472E-09 , 2.57418948291615E-05 , 512940 
 40 , 0.999235996846182 , 4.10731261640815E-09 , 1.31431683801556E-05 , 512940 
 41 , 0.999230958519772 , 2.73161568112726E-09 , 6.98958525075237E-06 , 512940 
 42 , 0.999228269090977 , 1.79685323541608E-09 , 3.69687678108752E-06 , 512940 
 43 , 0.999226923696986 , 1.24221139323507E-09 , 2.04705414245411E-06 , 512940 
 44 , 0.99922620445716 , 9.72090859067077E-10 , 1.16385861256228E-06 , 512940 
 45 , 0.999225792457991 , 8.26295193182359E-10 , 6.57872102857378E-07 , 512940 
# upper F=1.29199908440187 16933.36
 0 , 0 , 256.684295291515 , 36802.0262299926 , 512940 
 1 , 264.388809698893 , 159.079383473447 , 24761.8565975659 , 512940 
 2 , 409.963907798461 , 129.43400875141 , 22868.6400067759 , 512940 
 3 , 553.528754116785 , 89.5974993468073 , 17954.4205328982 , 512940 
 4 , 657.125204705139 , 71.7255688386822 , 15932.9098353617 , 512940 
 5 , 766.121793676772 , 61.0321142156875 , 14739.1436127382 , 512940 
 6 , 954.405591551286 , 47.3095962107328 , 12673.1217402383 , 512940 
 7 , 1263.59144598386 , 34.9444351821064 , 10723.580033249 , 512940 
 8 , 1629.68923732288 , 26.2348916628279 , 9411.14576189578 , 512940 
 9 , 1888.09147660972 , 13.2832660066916 , 5869.35906786919 , 512940 
 10 , 1894.92184512268 , 7.01304305759077 , 3992.30936225512 , 512940 
 11 , 1863.66577195911 , 5.25073567467917 , 3443.73076804774 , 512940 
 12 , 1563.83014302675 , 2.89108597165263 , 2354.52797623181 , 512940 
 13 , 1288.30251232451 , 1.56885091241037 , 1675.17999211454 , 512940 
 14 , 1025.53594321846 , 0.893710788367205 , 1219.357397566 , 512940 
 15 , 897.72641788537 , 0.512995194567649 , 1005.15228348746 , 512940 
 16 , 608.819752655797 , 0.276082499802813 , 653.331008236907 , 512940 
 17 , 463.8645411488 , 0.143586092060902 , 483.130890327142 , 512940 
 18 , 145.825332656833 , 2.68656761651395E-02 , 146.477358268818 , 512940 
 19 , 5.90793645455626 , 8.018515898074E-04 , 5.05095966545516 , 512940 
 20 , 2.20267227628513 , 1.76716912930384E-04 , 1.28131177902465 , 512940 
 21 , 1.85169420934614 , 9.77121458835759E-05 , 0.90337113464258 , 512940 
 22 , 1.61424148292382 , 3.63443197591018E-05 , 0.648386981229888 , 512940 
 23 , 1.33213765557705 , 1.22255520837548E-05 , 0.353086135899314 , 512940 
 24 , 1.17791999098628 , 3.57074634507737E-06 , 0.19077213889062 , 512940 
 25 , 1.11008990954137 , 1.45054863311816E-06 , 0.118860738580935 , 512940 
 26 , 1.06008682199025 , 3.82244220831218E-07 , 6.55787234112692E-02 , 512940 
 27 , 1.03829150150263 , 1.16458162755656E-07 , 0.042143384154843 , 512940 
 28 , 1.02148693459786 , 4.4614636995205E-08 , 2.38720140077541E-02 , 512940 
 29 , 1.01337556771325 , 3.25844696174489E-08 , 0.015004357241302 , 512940 
 30 , 1.00574256495135 , 4.01679131073029E-08 , 6.53587399448466E-03 , 512940 
 31 , 1.00232888905816 , 4.53029324622199E-08 , 2.69395664907124E-03 , 512940 
 32 , 1.00128067973102 , 4.51357652532914E-08 , 1.49279354624342E-03 , 512940 
 33 , 1.00111774991934 , 3.85503631345943E-08 , 1.30731345720064E-03 , 512940 
 34 , 1.00049792115222 , 2.74414504696032E-08 , 5.92947534524091E-04 , 512940 
 35 , 1.0002916888383 , 2.43160621628554E-08 , 3.50584149507735E-04 , 512940 
 36 , 1.00017498610593 , 1.88666796065212E-08 , 2.12985785061225E-04 , 512940 
 37 , 1.00010343194072 , 1.37299920350977E-08 , 1.28130715736007E-04 , 512940 
 38 , 1.00005323178174 , 1.06162410413192E-08 , 6.79270810462867E-05 , 512940 
 39 , 1.00002619772453 , 7.49470288975401E-09 , 3.53324722243815E-05 , 512940 
 40 , 1.00001217834998 , 4.94713057478766E-09 , 1.83741942311321E-05 , 512940 
 41 , 1.00000484786261 , 3.26162197501981E-09 , 9.44162747930669E-06 , 512940 
 42 , 1.00000123326458 , 2.16928323395842E-09 , 5.02642824372341E-06 , 512940 
 43 , 0.999999386680347 , 1.46122669187221E-09 , 2.76434243990942E-06 , 512940 
 44 , 0.999998488766592 , 1.08439953485454E-09 , 1.66322541280653E-06 , 512940 
 45 , 0.999997825895215 , 8.83969214552579E-10 , 8.50102462483942E-07 , 512940 
# upper F=1.29189590570557 16976.8
 0 , 0 , 256.665386311528 , 36802.0262299926 , 512940 
 1 , 264.369095870206 , 159.069453108262 , 24762.1612862857 , 512940 
 2 , 409.93685374116 , 129.425354505622 , 22868.8739095139 , 512940 
 3 , 553.48856822019 , 89.589818998477 , 17954.3558946035 , 512940 
 4 , 657.052997297555 , 71.7176647797555 , 15932.35195952 , 512940 
 5 , 766.02901655345 , 61.0218990048845 , 14737.8916275381 , 512940 
 6 , 954.283804832645 , 47.3004006337894 , 12671.8755342816 , 512940 
 7 , 1263.32883154227 , 34.942455988623 , 10723.5823846743 , 512940 
 8 , 1629.54577866089 , 26.2298018069034 , 9410.4550100518 , 512940 
 9 , 1887.78630376367 , 13.2826206308953 , 5869.16601010776 , 512940 
 10 , 1894.32163295455 , 7.01255648621409 , 3991.4270923381 , 512940 
 11 , 1863.44234109971 , 5.24870995795701 , 3443.04684766264 , 512940 
 12 , 1565.27201872647 , 2.88704296119485 , 2355.62943753056 , 512940 
 13 , 1289.98621946249 , 1.5723278214987 , 1678.13366885176 , 512940 
 14 , 1023.51141995004 , 0.894233865207216 , 1217.14011140977 , 512940 
 15 , 896.21354511313 , 0.51382328999604 , 1003.65563550843 , 512940 
 16 , 606.919990162372 , 0.276296939275123 , 651.357824910962 , 512940 
 17 , 462.253956736767 , 0.143582743253185 , 481.470303373749 , 512940 
 18 , 145.704374945299 , 2.67532040089539E-02 , 146.350185117068 , 512940 
 19 , 5.90665307372436 , 8.00942448839267E-04 , 5.04948026029937 , 512940 
 20 , 2.20239401071526 , 1.76470432990669E-04 , 1.28082542806846 , 512940 
 21 , 1.8515934229385 , 9.75833507112292E-05 , 0.90307025248529 , 512940 
 22 , 1.61413301271135 , 3.62732315613741E-05 , 0.648074876971085 , 512940 
 23 , 1.33229682084101 , 1.22017823872521E-05 , 0.353051575368762 , 512940 
 24 , 1.17816508455264 , 3.56950292787137E-06 , 0.190828355358246 , 512940 
 25 , 1.11026823024743 , 1.45052618071712E-06 , 0.118846851020702 , 512940 
 26 , 1.06029827177127 , 3.81552756448938E-07 , 6.56007223202154E-02 , 512940 
 27 , 1.03845289531564 , 1.16002740073451E-07 , 4.21111429426731E-02 , 512940 
 28 , 1.02170052536654 , 4.45969010401392E-08 , 2.38961760494215E-02 , 512940 
 29 , 1.01356719901778 , 3.26029526584166E-08 , 1.50044897823013E-02 , 512940 
 30 , 1.00592106098553 , 4.01911006534522E-08 , 6.52155408808538E-03 , 512940 
 31 , 1.00251086617144 , 4.53330510209376E-08 , 2.6833027520763E-03 , 512940 
 32 , 1.00147298033654 , 4.50702809229554E-08 , 1.49386455481997E-03 , 512940 
 33 , 1.00130611129585 , 3.84356064768117E-08 , 1.30383173048514E-03 , 512940 
 34 , 1.00068442019291 , 2.73085179253101E-08 , 5.87239679601905E-04 , 512940 
 35 , 1.00047754683117 , 2.41206986916001E-08 , 3.44059610448088E-04 , 512940 
 36 , 1.00035743799618 , 1.8608265669028E-08 , 2.0235188085918E-04 , 512940 
 37 , 1.0002930529352 , 1.28950600926774E-08 , 1.26095375960083E-04 , 512940 
 38 , 1.00025227133012 , 1.06262040885754E-08 , 7.71090298216492E-05 , 512940 
 39 , 1.00021998663495 , 7.62757327309111E-09 , 3.81844039732733E-05 , 512940 
 40 , 1.0002059266374 , 5.23090865999858E-09 , 2.11943411105924E-05 , 512940 
 41 , 1.0001974290536 , 3.47729775312899E-09 , 1.08409427248417E-05 , 512940 
 42 , 1.00019325633662 , 2.31553574344861E-09 , 5.74425665233676E-06 , 512940 
 43 , 1.00019101098657 , 1.51187609837245E-09 , 2.99328369923987E-06 , 512940 
 44 , 1.00019003469273 , 1.13444676989658E-09 , 1.79545955278331E-06 , 512940 
 45 , 1.00018939006188 , 9.19720521941446E-10 , 1.0047516864867E-06 , 512940 
 46 , 1.00018902108776 , 7.81693696427326E-10 , 5.51577107481312E-07 , 512940 
# lower cache restore 17021.31
# lower cache restore 0 17021.46
# lower cache restore 256 17021.49
# lower cache restore 512 17021.51
# lower cache restore 768 17021.54
# lower cache restore 1024 17021.56
# lower cache restore 1280 17021.59
# lower cache restore 1536 17021.61
# lower cache restore 1792 17021.64
# lower cache restore 2048 17021.67
# lower cache restore 2304 17021.69
# lower cache restore 2560 17021.72
# lower cache restore 2816 17021.74
# lower cache restore 3072 17021.77
# lower cache restore 3328 17021.8
# lower cache restore 3584 17021.82
# lower cache restore 3840 17021.85
# lower cache restore 4096 17021.88
# lower cache restore 4352 17021.9
# lower cache restore 4608 17021.93
# lower cache restore 4864 17021.95
# lower cache restore 5120 17021.98
# lower cache restore 5376 17022
# lower cache restore 5632 17022.03
# lower cache restore 5888 17022.05
# lower F=1.26524312728671 17022.34
 0 , 0 , 1 , 5994 , 786912 
# Schur factor 17022.62
# Schur local 5760 17022.7
 1 , 3.32326438920742E-02 , 8.00782064506613E-02 , 1934.00019105366 , 786912 
# Schur factor 17024.96
 2 , 3.64875619898438E-02 , 1.65573667357108E-03 , 41.9587480543512 , 786912 
# Schur factor 17027.33
 3 , 3.20690683148841E-02 , 1.19310991525265E-04 , 2.95851887489399 , 786912 
# Schur factor 17028.45
 4 ,-5.24510573885471E-02 , 6.23865032955296E-05 , 1.68759336201394 , 786912 
# Schur factor 17029.5
 5 ,-0.320151822947722 , 2.25935314408373E-05 , 0.671938343982058 , 786912 
# Schur factor 17030.58
 6 ,-0.6376098027555 , 1.62004171156842E-05 , 0.564298296146176 , 786912 
# Schur factor 17031.7
 7 ,-0.863914246190382 , 1.36137249312595E-05 , 0.474435035725303 , 786912 
# Schur factor 17032.79
 8 ,-0.942121891430751 , 7.61509328720236E-06 , 0.292390359148151 , 786912 
# Schur factor 17033.9
 9 ,-0.979083611984136 , 3.11283180712353E-06 , 0.1338541170767 , 786912 
# Schur factor 17034.97
 10 ,-0.993003965480334 , 1.10121034143349E-06 , 5.25121555385702E-02 , 786912 
# Schur factor 17036.06
 11 ,-0.996725759861691 , 5.13425890940631E-07 , 2.51152088713574E-02 , 786912 
# Schur factor 17037.16
 12 ,-0.998533401454358 , 4.11389875123407E-07 , 1.21418877037807E-02 , 786912 
# Schur factor 17038.26
 13 ,-0.999330143955015 , 1.96386495364548E-07 , 5.70075723340372E-03 , 786912 
# Schur factor 17039.35
 14 ,-0.999603598595657 , 1.96875507922029E-07 , 3.39323267540616E-03 , 786912 
# Schur factor 17040.44
 15 ,-0.99982761440285 , 1.88728257507681E-07 , 1.48434771161745E-03 , 786912 
# Schur factor 17041.55
 16 ,-0.999916973522145 , 1.82438157978911E-07 , 7.02314901773296E-04 , 786912 
# Schur factor 17042.65
 17 ,-0.999961519378193 , 2.10097821260412E-07 , 3.15973335987737E-04 , 786912 
# Schur factor 17043.73
 18 ,-0.999982255250867 , 2.27849972355377E-07 , 1.36595265880968E-04 , 786912 
# Schur factor 17044.82
 19 ,-0.999992062869007 , 1.82066442178404E-07 , 5.53101227964722E-05 , 786912 
# Schur factor 17045.93
 20 ,-0.999994367299768 , 1.03312270994022E-07 , 3.89158285774174E-05 , 786912 
# Schur factor 17047.03
 21 ,-0.99999692532453 , 1.00191161667628E-07 , 1.98631478985099E-05 , 786912 
# Schur factor 17048.1
 22 ,-0.999998340271876 , 9.51309978409979E-08 , 1.04317823675806E-05 , 786912 
# Schur factor 17049.19
 23 ,-0.999999192330897 , 9.21537435467657E-08 , 5.44418910585726E-06 , 786912 
# Schur factor 17050.3
 24 ,-0.999999731632042 , 8.90166139228485E-08 , 2.90597863772334E-06 , 786912 
# Schur factor 17051.43
 25 ,-1.00000006175159 , 8.59869434885291E-08 , 1.79714245638165E-06 , 786912 
# Schur factor 17052.56
 26 ,-1.00000023953458 , 8.32449109293158E-08 , 1.45577543147101E-06 , 786912 
# Schur factor 17053.66
 27 ,-1.00000044371168 , 7.96900521674613E-08 , 1.07150145223365E-06 , 786912 
# Schur factor 17054.75
 28 ,-1.00000045704918 , 7.89312222177046E-08 , 1.06628850181242E-06 , 786912 
# Schur factor 17055.87
 29 ,-1.00000058470658 , 7.62744856750229E-08 , 9.30065157452562E-07 , 786912 
# lower F=1.26514209147729 17057.1
 0 , 0 , 1 , 5994 , 786912 
# Schur factor 17057.25
 1 , 3.32364362886001E-02 , 8.01111250710071E-02 , 1934.76826728558 , 786912 
# Schur factor 17059.53
 2 , 0.036493539366277 , 1.65639711217316E-03 , 41.9767623245671 , 786912 
# Schur factor 17061.79
 3 , 3.20767522086612E-02 , 1.19331523244265E-04 , 2.95912192991193 , 786912 
# Schur factor 17062.89
 4 ,-5.24288173408066E-02 , 6.23980231794531E-05 , 1.68792982046214 , 786912 
# Schur factor 17063.97
 5 ,-0.320105895585277 , 2.25968011865227E-05 , 0.672028209126502 , 786912 
# Schur factor 17065.1
 6 ,-0.63768778440458 , 1.62037036247759E-05 , 0.564405613703275 , 786912 
# Schur factor 17066.23
 7 ,-0.86405374470052 , 1.36177288752078E-05 , 0.474574860482991 , 786912 
# Schur factor 17067.38
 8 ,-0.942284957134914 , 7.61902966477899E-06 , 0.29249650712832 , 786912 
# Schur factor 17068.46
 9 ,-0.979250204090491 , 3.11548593108397E-06 , 0.133966953132468 , 786912 
# Schur factor 17069.56
 10 ,-0.993196092488624 , 1.10173588184705E-06 , 5.25059388372654E-02 , 786912 
# Schur factor 17070.67
 11 ,-0.996916850656172 , 5.13314861317792E-07 , 2.51066411817094E-02 , 786912 
# Schur factor 17071.76
 12 ,-0.998724847236714 , 4.11235645116184E-07 , 1.21307524630987E-02 , 786912 
# Schur factor 17072.84
 13 ,-0.99952094165876 , 1.95699173112561E-07 , 5.69681406740514E-03 , 786912 
# Schur factor 17073.89
 14 ,-0.999793769736046 , 1.96633252550299E-07 , 3.39316263674813E-03 , 786912 
# Schur factor 17075.04
 15 ,-1.00001754030951 , 1.88784535229092E-07 , 0.001485103628124 , 786912 
# Schur factor 17076.15
 16 ,-1.0001069447867 , 1.82567874102192E-07 , 7.03042447609053E-04 , 786912 
# Schur factor 17077.25
 17 ,-1.00015156861134 , 2.10787763844438E-07 , 3.15850351774224E-04 , 786912 
# Schur factor 17078.34
 18 ,-1.00017228771176 , 2.28597674023363E-07 , 1.36562947468763E-04 , 786912 
# Schur factor 17079.47
 19 ,-1.00018196103262 , 1.81899470739695E-07 , 5.6386002414208E-05 , 786912 
# Schur factor 17080.55
 20 ,-1.00018439434352 , 1.02925659065462E-07 , 3.895337221625E-05 , 786912 
# Schur factor 17081.68
 21 ,-1.00018695323259 , 1.00300325635213E-07 , 1.98822828040717E-05 , 786912 
# Schur factor 17082.81
 22 ,-1.00018837020611 , 9.47987407624298E-08 , 1.04487188247877E-05 , 786912 
# Schur factor 17083.9
 23 ,-1.00018922284049 , 9.18502715448366E-08 , 5.45157108933341E-06 , 786912 
# Schur factor 17085.05
 24 ,-1.0001897616055 , 8.87422581377918E-08 , 2.90924112504332E-06 , 786912 
# Schur factor 17086.17
 25 ,-1.00019009178697 , 8.5766737460555E-08 , 1.78246415711761E-06 , 786912 
# Schur factor 17087.27
 26 ,-1.00019026553301 , 8.31294830110503E-08 , 1.44886130847203E-06 , 786912 
# Schur factor 17088.33
 27 ,-1.00019048217912 , 7.93038935291772E-08 , 1.0753953545538E-06 , 786912 
# Schur factor 17089.44
 28 ,-1.00019049198135 , 7.85910950203118E-08 , 1.07154357560716E-06 , 786912 
# Schur factor 17090.54
 29 ,-1.00019059028403 , 7.6406183741612E-08 , 9.67085517346469E-07 , 786912 
